seq,t_us,ax,ay,az,gx,gy,gz,roll,pitch,g_lat,g_lon,yaw_rate,lat,lon,gps_spd,sats,gps_fix
0,1592120,-3.584,1.248,-9.225,12.028,-8.159,-10.137,172.296,21.059,0.127,-0.366,-10.137,4.638072,-74.084482,0.00,0,1
1,1602111,-3.656,1.267,-9.384,13.157,-8.586,-9.954,172.369,21.042,0.129,-0.373,-9.954,4.638072,-74.084482,0.00,0,1
2,1612116,-3.625,1.339,-9.490,14.073,-8.647,-9.924,172.326,20.875,0.137,-0.370,-9.924,4.638072,-74.084482,0.00,0,1
3,1622115,-3.532,1.474,-9.490,13.340,-8.495,-9.405,172.122,20.634,0.150,-0.360,-9.405,4.638072,-74.084482,0.00,0,1
4,1632105,-3.439,1.583,-9.432,12.303,-8.464,-8.825,171.856,20.380,0.161,-0.351,-8.825,4.638072,-74.084482,0.00,0,1
5,1642115,-3.301,1.583,-9.331,13.493,-9.075,-8.764,171.671,20.082,0.161,-0.337,-8.764,4.638072,-74.084482,0.00,0,1
6,1652111,-3.298,1.641,-9.540,13.340,-10.600,-8.489,171.512,19.763,0.167,-0.336,-8.489,4.638072,-74.084482,0.00,0,1
7,1662114,-3.308,1.646,-9.711,14.042,-12.371,-8.489,171.415,19.446,0.168,-0.337,-8.489,4.638072,-74.084482,0.00,0,1
8,1672120,-3.494,1.641,-10.030,13.737,-13.164,-8.489,171.382,19.236,0.167,-0.356,-8.489,4.638072,-74.084482,0.00,0,1
9,1682120,-3.582,1.621,-10.265,14.286,-12.676,-8.642,171.404,19.068,0.165,-0.365,-8.642,4.638072,-74.084482,0.00,0,1
10,1692110,-3.608,1.634,-10.359,14.073,-11.669,-8.520,171.421,18.930,0.167,-0.368,-8.520,4.638072,-74.084482,0.00,7,1
11,1702118,-3.596,1.638,-10.349,12.882,-10.570,-7.971,171.417,18.816,0.167,-0.367,-7.971,4.638072,-74.084482,0.00,7,1
12,1712111,-3.601,1.626,-10.479,11.448,-9.197,-6.933,171.423,18.704,0.166,-0.367,-6.933,4.638072,-74.084482,0.00,7,1
13,1722121,-3.634,1.525,-10.568,10.838,-7.030,-6.323,171.515,18.634,0.156,-0.371,-6.323,4.638072,-74.084482,0.00,7,1
14,1732117,-3.649,1.395,-10.484,10.014,-4.497,-6.048,171.684,18.634,0.142,-0.372,-6.048,4.638072,-74.084482,0.00,7,1
15,1742112,-3.670,1.327,-10.400,8.305,-2.117,-5.987,171.867,18.697,0.135,-0.374,-5.987,4.638072,-74.084482,0.00,7,1
16,1752096,-3.766,1.330,-10.304,7.328,0.538,-6.750,172.009,18.875,0.136,-0.384,-6.750,4.638072,-74.084482,0.00,7,1
17,1762120,-3.761,1.426,-10.119,7.023,3.254,-7.452,172.031,19.100,0.145,-0.383,-7.452,4.638072,-74.084482,0.00,7,1
18,1772107,-3.687,1.544,-9.893,6.443,5.421,-7.696,171.917,19.320,0.157,-0.376,-7.696,4.638072,-74.084482,0.00,7,1
19,1782135,-3.553,1.670,-9.574,5.222,6.825,-6.750,171.652,19.506,0.170,-0.362,-6.750,4.638072,-74.084482,0.00,7,1
20,1792107,-3.451,1.691,-9.223,2.567,6.795,-4.766,171.319,19.686,0.172,-0.352,-4.766,4.638072,-74.084482,0.00,7,1
21,1802109,-3.453,1.648,-9.021,0.096,5.513,-2.477,171.008,19.895,0.168,-0.352,-2.477,4.638072,-74.084482,0.00,7,1
22,1812116,-3.530,1.670,-8.976,-1.430,4.048,-0.585,170.695,20.138,0.170,-0.360,-0.585,4.638072,-74.084482,0.00,7,1
23,1822109,-3.642,1.687,-9.103,-1.705,3.590,1.032,170.423,20.396,0.172,-0.371,1.032,4.638072,-74.084482,0.00,7,1
24,1832110,-3.689,1.670,-9.185,0.279,4.719,2.497,170.229,20.645,0.170,-0.376,2.497,4.638072,-74.084482,0.00,7,1
25,1842109,-3.730,1.578,-9.161,3.483,6.642,3.870,170.161,20.922,0.161,-0.380,3.870,4.638072,-74.084482,0.00,7,1
26,1852097,-3.658,1.455,-9.093,6.931,8.626,5.243,170.226,21.156,0.148,-0.373,5.243,4.638072,-74.084482,0.00,7,1
27,1862110,-3.568,1.224,-8.947,9.037,9.846,7.166,170.479,21.355,0.125,-0.364,7.166,4.638072,-74.084482,0.00,7,1
28,1872102,-3.420,0.937,-8.791,8.824,9.968,9.516,170.931,21.476,0.096,-0.349,9.516,4.638072,-74.084482,0.00,7,1
29,1882123,-3.265,0.602,-8.594,7.206,8.870,11.378,171.594,21.518,0.061,-0.333,11.378,4.638072,-74.084482,0.00,7,1
30,1892103,-3.227,0.264,-8.567,4.948,6.733,12.171,172.457,21.517,0.027,-0.329,12.171,4.638072,-74.084482,0.00,7,1
31,1902110,-3.231,0.030,-8.603,3.575,4.170,11.439,173.417,21.485,0.003,-0.330,11.439,4.638072,-74.084482,0.00,7,1
32,1912107,-3.224,-0.054,-8.709,2.079,1.790,9.607,174.333,21.399,-0.006,-0.329,9.607,4.638072,-74.084482,0.00,7,1
33,1922102,-3.262,-0.015,-8.870,0.462,-0.041,7.532,175.105,21.290,-0.002,-0.333,7.532,4.638072,-74.084482,0.00,7,1
34,1932106,-3.258,0.120,-8.911,-1.369,-1.476,5.976,175.673,21.165,0.012,-0.332,5.976,4.638072,-74.084482,0.00,7,1
35,1944647,-3.222,0.257,-8.880,-4.055,-3.002,5.335,176.070,21.018,0.026,-0.329,5.335,4.638072,-74.084482,0.00,7,1
36,1952117,-3.212,0.377,-8.743,-6.771,-4.772,5.366,176.286,20.898,0.038,-0.328,5.366,4.638072,-74.084482,0.00,7,1
37,1962112,-3.231,0.582,-8.767,-10.128,-6.969,6.525,176.288,20.776,0.059,-0.330,6.525,4.638072,-74.084482,0.00,7,1
38,1972097,-3.251,0.732,-8.728,-11.318,-8.892,7.532,176.161,20.670,0.075,-0.331,7.532,4.638072,-74.084482,0.00,7,1
39,1982123,-3.212,0.891,-8.733,-10.006,-10.753,8.051,175.936,20.529,0.091,-0.328,8.051,4.638072,-74.084482,0.00,7,1
40,1992105,-3.191,1.053,-8.793,-7.534,-12.737,8.875,175.640,20.353,0.107,-0.325,8.875,4.638072,-74.084482,0.00,7,1
41,2002116,-3.179,1.062,-8.844,-5.306,-14.995,10.737,175.390,20.156,0.108,-0.324,10.737,4.638072,-74.084482,0.00,7,1
42,2012097,-3.248,0.946,-8.971,-5.306,-17.284,13.056,175.258,19.978,0.097,-0.331,13.056,4.638072,-74.084482,0.00,7,1
43,2022108,-3.377,0.802,-9.177,-6.039,-19.298,14.551,175.248,19.840,0.082,-0.344,14.551,4.638072,-74.084482,0.00,7,1
44,2032105,-3.518,0.795,-9.379,-6.557,-20.244,15.101,175.251,19.748,0.081,-0.359,15.101,4.638072,-74.084482,0.00,7,1
45,2042109,-3.637,0.874,-9.482,-6.740,-20.091,15.192,175.205,19.715,0.089,-0.371,15.192,4.638072,-74.084482,0.00,7,1
46,2052097,-3.696,1.065,-9.598,-7.809,-19.786,15.925,175.037,19.696,0.109,-0.377,15.925,4.638072,-74.084482,0.00,7,1
47,2062112,-3.804,1.315,-9.845,-10.128,-19.206,17.847,174.726,19.686,0.134,-0.388,17.847,4.638072,-74.084482,0.00,7,1
48,2072104,-3.949,1.436,-10.006,-11.165,-16.979,20.289,174.376,19.741,0.146,-0.403,20.289,4.638072,-74.084482,0.00,7,1
49,2084125,-4.021,1.530,-9.975,-9.823,-13.286,22.455,173.998,19.854,0.156,-0.410,22.455,4.638072,-74.084482,0.00,7,1
50,2092118,-4.023,1.595,-9.843,-6.985,-9.349,23.951,173.638,20.036,0.163,-0.410,23.951,4.638072,-74.084482,0.00,7,1
51,2102111,-4.014,1.749,-9.766,-3.017,-5.992,25.232,173.247,20.237,0.178,-0.409,25.232,4.638072,-74.084482,0.00,7,1
52,2112114,-3.901,1.904,-9.662,1.103,-3.032,26.789,172.826,20.402,0.194,-0.398,26.789,4.638072,-74.084482,0.00,7,1
53,2122103,-3.832,1.875,-9.494,4.734,-0.835,28.834,172.472,20.570,0.191,-0.391,28.834,4.638072,-74.084482,0.00,7,1
54,2132103,-3.797,1.865,-9.257,7.420,-0.072,31.214,172.152,20.760,0.190,-0.387,31.214,4.638072,-74.084482,0.00,7,1
55,2142112,-3.713,1.807,-9.189,9.220,-0.835,33.899,171.903,20.897,0.184,-0.379,33.899,4.638072,-74.084482,0.00,7,1
56,2152107,-3.782,1.609,-9.242,11.051,-1.811,36.066,171.818,21.047,0.164,-0.386,36.066,4.638072,-74.084482,0.00,7,1
57,2162116,-3.873,1.462,-9.410,13.004,-2.757,37.317,171.864,21.191,0.149,-0.395,37.317,4.638072,-74.084482,0.00,7,1
58,2172103,-3.983,1.335,-9.684,14.591,-3.093,37.897,172.017,21.322,0.136,-0.406,37.897,4.638072,-74.084482,0.00,7,1
59,2182118,-4.171,1.137,-9.924,15.873,-2.300,38.141,172.297,21.499,0.116,-0.425,38.141,4.638072,-74.084482,0.00,7,1
60,2192114,-4.343,0.983,-10.186,17.155,-0.286,37.592,172.665,21.710,0.100,-0.443,37.592,4.638072,-74.084482,0.00,7,1
61,2202114,-4.424,0.867,-10.191,19.505,2.644,35.853,173.084,21.968,0.088,-0.451,35.853,4.638072,-74.084482,0.00,7,1
62,2212107,-4.386,0.942,-10.049,21.366,5.726,33.594,173.433,22.239,0.096,-0.447,33.594,4.638072,-74.084482,0.00,7,1
63,2222110,-4.211,1.106,-9.809,21.641,7.680,32.557,173.646,22.466,0.113,-0.429,32.557,4.638072,-74.084482,0.00,7,1
64,2232102,-4.073,1.257,-9.600,18.803,7.863,33.198,173.713,22.645,0.128,-0.415,33.198,4.638072,-74.084482,0.00,7,1
65,2242098,-3.997,1.417,-9.506,14.073,7.374,34.907,173.631,22.780,0.144,-0.408,34.907,4.638072,-74.084482,0.00,7,1
66,2252094,-3.971,1.486,-9.422,9.922,7.191,37.134,173.470,22.902,0.152,-0.405,37.134,4.638072,-74.084482,0.00,7,1
67,2262100,-3.925,1.421,-9.269,8.488,7.924,38.202,173.332,23.029,0.145,-0.400,38.202,4.638072,-74.084482,0.00,7,1
68,2272094,-3.730,1.376,-9.019,11.082,9.022,37.043,173.232,23.108,0.140,-0.380,37.043,4.638072,-74.084482,0.00,7,1
69,2282100,-3.510,1.228,-8.488,17.460,9.724,33.472,173.239,23.187,0.125,-0.358,33.472,4.638072,-74.084482,0.00,7,1
70,2293048,-3.372,1.190,-8.397,20.237,8.320,30.482,173.299,23.203,0.121,-0.344,30.482,4.638072,-74.084482,0.00,7,1
71,2302105,-3.162,1.086,-8.284,19.779,5.269,28.284,173.389,23.084,0.111,-0.322,28.284,4.638072,-74.084482,0.00,7,1
72,2312099,-3.262,1.159,-8.469,14.408,0.386,26.789,173.391,22.944,0.118,-0.333,26.789,4.638072,-74.084482,0.00,7,1
73,2322105,-3.308,1.380,-8.735,10.105,-4.924,25.904,173.240,22.732,0.141,-0.337,25.904,4.638072,-74.084482,0.00,7,1
74,2332099,-3.432,1.617,-8.985,9.373,-8.525,23.829,172.981,22.513,0.165,-0.350,23.829,4.638072,-74.084482,0.00,7,1
75,2342105,-3.584,1.855,-9.504,10.533,-9.593,22.394,172.673,22.276,0.189,-0.366,22.394,4.638072,-74.084482,0.00,7,1
76,2352099,-3.658,1.836,-9.857,12.638,-8.464,21.845,172.456,22.045,0.187,-0.373,21.845,4.638072,-74.084482,0.00,7,1
77,2362105,-3.747,1.597,-10.133,11.082,-6.175,22.150,172.389,21.855,0.163,-0.382,22.150,4.638072,-74.084482,0.00,7,1
78,2372099,-3.735,1.286,-10.107,8.152,-3.642,21.265,172.458,21.710,0.131,-0.381,21.265,4.638072,-74.084482,0.00,7,1
79,2382105,-3.732,1.245,-10.131,4.368,-1.598,18.854,172.509,21.591,0.127,-0.381,18.854,4.638072,-74.084482,0.00,7,1
80,2392099,-3.606,1.395,-9.910,3.849,0.569,15.284,172.459,21.477,0.142,-0.368,15.284,4.638072,-74.084482,0.00,7,1
81,2402099,-3.491,1.643,-9.696,4.429,2.217,11.530,172.271,21.362,0.168,-0.356,11.530,4.638072,-74.084482,0.00,7,1
82,2412110,-3.322,1.966,-9.590,3.483,2.919,9.791,171.911,21.189,0.200,-0.339,9.791,4.638072,-74.084482,0.00,7,1
83,2422099,-3.158,2.034,-9.343,1.621,2.858,9.791,171.500,20.986,0.207,-0.322,9.791,4.638072,-74.084482,0.00,7,1
84,2432099,-3.086,1.884,-9.117,-1.949,1.149,10.157,171.145,20.789,0.192,-0.315,10.157,4.638072,-74.084482,0.00,7,1
85,2442099,-3.053,1.899,-9.002,-4.482,-1.537,9.394,170.775,20.584,0.194,-0.311,9.394,4.638072,-74.084482,0.00,7,1
86,2452105,-3.148,2.012,-9.233,-6.801,-3.795,8.082,170.380,20.382,0.205,-0.321,8.082,4.638072,-74.084482,0.00,7,1
87,2462105,-3.282,2.077,-9.355,-7.259,-3.978,6.006,169.994,20.237,0.212,-0.335,6.006,4.638072,-74.084482,0.00,7,1
88,2472095,-3.353,2.171,-9.454,-7.015,-3.093,3.992,169.605,20.128,0.221,-0.342,3.992,4.638072,-74.084482,0.00,7,1
89,2482099,-3.446,2.352,-9.538,-6.252,-1.323,2.161,169.173,20.066,0.240,-0.351,2.161,4.638072,-74.084482,0.00,7,1
90,2492110,-3.444,2.607,-9.533,-4.940,0.935,0.544,168.660,20.020,0.266,-0.351,0.544,4.638072,-74.084482,0.00,7,1
91,2502137,-3.441,2.880,-9.542,-3.750,3.071,0.239,168.066,19.981,0.294,-0.351,0.239,4.638072,-74.084482,0.00,7,1
92,2512117,-3.410,3.039,-9.456,-1.980,5.421,1.246,167.446,19.958,0.310,-0.348,1.246,4.638072,-74.084482,0.00,7,1
93,2522120,-3.303,3.078,-9.252,-0.423,7.405,3.107,166.839,19.934,0.314,-0.337,3.107,4.638072,-74.084482,0.00,7,1
94,2532101,-3.174,3.056,-9.098,0.767,8.229,5.274,166.277,19.881,0.312,-0.324,5.274,4.638072,-74.084482,0.00,7,1
95,2542118,-3.086,2.945,-9.028,2.018,8.137,7.441,165.817,19.804,0.300,-0.315,7.441,4.638072,-74.084482,0.00,7,1
96,2552118,-3.038,2.694,-9.014,3.239,7.588,9.180,165.531,19.718,0.275,-0.310,9.180,4.638072,-74.084482,0.00,7,1
97,2562116,-3.065,2.477,-9.062,3.788,6.947,9.913,165.393,19.648,0.253,-0.312,9.913,4.638072,-74.084482,0.00,7,1
98,2572114,-3.069,2.294,-9.218,3.636,6.398,10.248,165.380,19.563,0.234,-0.313,10.248,4.638072,-74.084482,0.00,7,1
99,2602882,-3.193,2.060,-9.595,-2.346,9.785,11.255,165.268,19.701,0.210,-0.326,11.255,4.638072,-74.084482,0.00,7,1
100,2604311,-3.193,2.060,-9.595,-2.346,9.785,11.255,165.294,19.727,0.210,-0.326,11.255,4.638072,-74.084482,0.00,7,1
101,2605670,-3.193,2.060,-9.595,-2.346,9.785,11.255,165.417,19.669,0.210,-0.326,11.255,4.638072,-74.084482,0.00,7,1
102,2612133,-3.200,2.029,-9.540,-2.865,12.837,10.859,165.569,19.631,0.207,-0.326,10.859,4.638072,-74.084482,0.00,7,1
103,2622119,-3.034,2.147,-9.396,-2.315,15.889,10.187,165.618,19.557,0.219,-0.309,10.187,4.638072,-74.084482,0.00,7,1
104,2632121,-2.886,2.210,-9.158,-1.644,18.147,10.248,165.597,19.470,0.225,-0.294,10.248,4.638072,-74.084482,0.00,7,1
105,2642113,-2.809,2.130,-8.911,-1.125,19.215,10.859,165.593,19.406,0.217,-0.286,10.859,4.638072,-74.084482,0.00,7,1
106,2652107,-2.736,2.106,-8.716,-0.912,19.154,11.194,165.578,19.342,0.215,-0.279,11.194,4.638072,-74.084482,0.00,7,1
107,2662113,-2.647,2.053,-8.656,-0.728,18.422,11.347,165.588,19.242,0.209,-0.270,11.347,4.638072,-74.084482,0.00,7,1
108,2672111,-2.681,2.060,-8.896,-2.834,17.628,12.171,165.606,19.126,0.210,-0.273,12.171,4.638072,-74.084482,0.00,7,1
109,2682123,-2.657,1.846,-8.829,-3.750,17.537,12.903,165.725,19.025,0.188,-0.271,12.903,4.638072,-74.084482,0.00,7,1
110,2692113,-2.657,1.802,-8.661,-1.888,17.201,11.378,165.855,18.958,0.184,-0.271,11.378,4.638072,-74.084482,0.00,7,1
111,2702120,-2.755,1.990,-8.911,-1.491,16.499,10.645,165.902,18.896,0.203,-0.281,10.645,4.638072,-74.084482,0.00,7,1
112,2712114,-2.738,1.863,-9.036,-0.728,16.469,10.737,166.037,18.817,0.190,-0.279,10.737,4.638072,-74.084482,0.00,7,1
113,2722112,-2.705,1.764,-8.882,1.164,16.530,9.852,166.213,18.753,0.180,-0.276,9.852,4.638072,-74.084482,0.00,7,1
114,2732111,-2.750,1.539,-8.702,5.467,16.499,7.197,166.520,18.752,0.157,-0.280,7.197,4.638072,-74.084482,0.00,7,1
115,2742115,-2.824,1.626,-8.976,7.542,16.163,4.999,166.799,18.740,0.166,-0.288,4.999,4.638072,-74.084482,0.00,7,1
116,2752106,-2.843,1.482,-9.033,8.763,16.682,2.833,167.149,18.738,0.151,-0.290,2.833,4.638072,-74.084482,0.00,7,1
117,2762116,-2.888,1.701,-8.992,5.406,16.438,2.741,167.319,18.755,0.173,-0.295,2.741,4.638072,-74.084482,0.00,7,1
118,2772117,-2.833,1.812,-8.853,2.415,14.577,4.023,167.374,18.745,0.185,-0.289,4.023,4.638072,-74.084482,0.00,7,1
119,2782105,-2.848,1.790,-8.853,-0.332,11.891,4.938,167.410,18.718,0.183,-0.290,4.938,4.638072,-74.084482,0.00,7,1
120,2792114,-2.926,1.781,-8.913,-0.271,10.060,4.572,167.457,18.705,0.182,-0.298,4.572,4.638072,-74.084482,0.00,7,1
121,2802104,-3.050,1.843,-9.228,-0.820,9.144,4.511,167.495,18.695,0.188,-0.311,4.511,4.638072,-74.084482,0.00,7,1
122,2812115,-3.124,1.841,-9.264,-0.912,9.236,4.389,167.535,18.716,0.188,-0.319,4.389,4.638072,-74.084482,0.00,7,1
123,2822123,-3.084,1.899,-9.199,0.126,9.785,3.626,167.545,18.728,0.194,-0.314,3.626,4.638072,-74.084482,0.00,7,1
124,2832114,-3.053,2.087,-9.254,1.927,10.518,2.802,167.482,18.717,0.213,-0.311,2.802,4.638072,-74.084482,0.00,7,1
125,2842115,-2.974,2.202,-9.129,4.673,11.342,2.802,167.377,18.692,0.225,-0.303,2.802,4.638072,-74.084482,0.00,7,1
126,2852115,-2.914,2.210,-8.944,6.870,11.311,3.596,167.274,18.666,0.225,-0.297,3.596,4.638072,-74.084482,0.00,7,1
127,2862126,-2.869,2.176,-8.896,8.061,10.212,4.847,167.201,18.618,0.222,-0.293,4.847,4.638072,-74.084482,0.00,7,1
128,2872111,-2.869,2.070,-9.009,8.274,8.473,6.281,167.204,18.545,0.211,-0.293,6.281,4.638072,-74.084482,0.00,7,1
129,2882107,-2.857,1.942,-9.185,7.298,7.161,7.197,167.282,18.439,0.198,-0.291,7.197,4.638072,-74.084482,0.00,7,1
130,2892115,-2.864,1.911,-9.254,5.497,6.733,7.624,167.360,18.331,0.195,-0.292,7.624,4.638072,-74.084482,0.00,7,1
131,2902120,-2.826,1.877,-9.418,4.765,6.611,7.837,167.459,18.191,0.191,-0.288,7.837,4.638072,-74.084482,0.00,7,1
132,2912126,-2.819,1.778,-9.518,5.863,7.283,6.952,167.618,18.055,0.181,-0.287,6.952,4.638072,-74.084482,0.00,7,1
133,2922122,-2.831,1.795,-9.466,8.091,8.839,5.121,167.773,17.954,0.183,-0.289,5.121,4.638072,-74.084482,0.00,7,1
134,2932115,-2.714,1.998,-9.314,9.892,10.060,3.473,167.817,17.833,0.204,-0.277,3.473,4.638072,-74.084482,0.00,7,1
135,2944256,-2.547,2.075,-9.177,10.960,9.846,3.565,167.822,17.662,0.212,-0.260,3.565,4.638072,-74.084482,0.00,7,1
136,2952117,-2.499,2.046,-9.069,10.624,8.565,4.664,167.816,17.475,0.209,-0.255,4.664,4.638072,-74.084482,0.00,7,1
137,2962117,-2.447,2.022,-8.968,8.610,6.337,6.281,167.793,17.270,0.206,-0.250,6.281,4.638072,-74.084482,0.00,7,1
138,2972112,-2.464,1.971,-9.050,6.443,3.834,7.715,167.788,17.057,0.201,-0.251,7.715,4.638072,-74.084482,0.00,7,1
139,2982114,-2.480,1.850,-9.201,6.687,1.759,8.326,167.862,16.835,0.189,-0.253,8.326,4.638072,-74.084482,0.00,7,1
140,2992101,-2.485,1.752,-9.367,8.701,0.355,7.746,168.014,16.602,0.179,-0.253,7.746,4.638072,-74.084482,0.00,7,1
141,3002111,-2.550,1.646,-9.586,11.295,-0.316,6.708,168.250,16.387,0.168,-0.260,6.708,4.638072,-74.084482,0.00,7,1
142,3012101,-2.652,1.547,-9.814,12.852,-0.316,5.457,168.546,16.212,0.158,-0.270,5.457,4.638072,-74.084482,0.00,7,1
143,3022126,-2.709,1.460,-9.967,12.974,0.294,4.664,168.873,16.065,0.149,-0.276,4.664,4.638072,-74.084482,0.00,7,1
144,3032115,-2.693,1.412,-10.011,10.777,1.515,4.450,169.179,15.929,0.144,-0.275,4.450,4.638072,-74.084482,0.00,7,1
145,3042114,-2.635,1.296,-9.876,7.359,2.736,4.816,169.475,15.808,0.132,-0.269,4.816,4.638072,-74.084482,0.00,7,1
146,3052101,-2.588,1.156,-9.691,3.605,3.193,4.908,169.770,15.703,0.118,-0.264,4.908,4.638072,-74.084482,0.00,7,1
147,3062114,-2.585,1.093,-9.550,0.889,2.888,3.809,170.040,15.620,0.112,-0.264,3.809,4.638072,-74.084482,0.00,7,1
148,3072109,-2.554,1.127,-9.480,-0.210,1.851,1.612,170.258,15.529,0.115,-0.260,1.612,4.638072,-74.084482,0.00,7,1
149,3082119,-2.538,1.253,-9.538,0.126,0.142,-0.646,170.404,15.412,0.128,-0.259,-0.646,4.638072,-74.084482,0.00,7,1
150,3092102,-2.573,1.371,-9.646,0.706,-1.506,-2.294,170.494,15.291,0.140,-0.262,-2.294,4.638072,-74.084482,0.00,7,1
151,3102160,-2.592,1.404,-9.636,0.675,-3.307,-2.996,170.560,15.172,0.143,-0.264,-2.996,4.638072,-74.084482,0.00,7,1
152,3112121,-2.697,1.339,-9.696,-0.667,-5.535,-3.210,170.644,15.085,0.137,-0.275,-3.210,4.638072,-74.084482,0.00,7,1
153,3122119,-2.762,1.351,-9.792,-3.322,-7.762,-3.118,170.698,15.001,0.138,-0.282,-3.118,4.638072,-74.084482,0.00,7,1
154,3132117,-2.817,1.494,-10.068,-7.046,-9.136,-2.477,170.666,14.900,0.152,-0.287,-2.477,4.638072,-74.084482,0.00,7,1
155,3142105,-2.898,1.559,-10.299,-10.097,-8.434,-1.287,170.596,14.820,0.159,-0.295,-1.287,4.638072,-74.084482,0.00,7,1
156,3152100,-2.967,1.561,-10.342,-11.654,-5.626,-0.189,170.519,14.797,0.159,-0.303,-0.189,4.638072,-74.084482,0.00,7,1
157,3162122,-2.955,1.568,-10.277,-11.196,-1.476,0.208,170.445,14.818,0.160,-0.301,0.208,4.638072,-74.084482,0.00,7,1
158,3172114,-2.836,1.593,-10.073,-8.144,2.675,-0.372,170.381,14.848,0.162,-0.289,-0.372,4.638072,-74.084482,0.00,7,1
159,3182108,-2.664,1.672,-9.799,-3.506,6.093,-1.715,170.307,14.863,0.171,-0.272,-1.715,4.638072,-74.084482,0.00,7,1
160,3192101,-2.473,1.720,-9.413,1.438,8.137,-2.813,170.229,14.853,0.175,-0.252,-2.813,4.638072,-74.084482,0.00,7,1
161,3202115,-2.290,1.728,-8.959,5.924,7.985,-3.851,170.152,14.810,0.176,-0.233,-3.851,4.638072,-74.084482,0.00,7,1
162,3212114,-2.147,1.713,-8.687,8.000,4.872,-3.881,170.080,14.703,0.175,-0.219,-3.881,4.638072,-74.084482,0.00,7,1
163,3222100,-2.042,1.756,-8.623,6.901,-0.011,-2.905,169.974,14.513,0.179,-0.208,-2.905,4.638072,-74.084482,0.00,7,1
164,3232104,-1.951,1.805,-8.747,2.720,-5.870,0.025,169.826,14.223,0.184,-0.199,0.025,4.638072,-74.084482,0.00,7,1
165,3242106,-2.061,1.670,-9.153,-2.773,-11.302,4.450,169.748,13.920,0.170,-0.210,4.450,4.638072,-74.084482,0.00,7,1
166,3252094,-2.271,1.395,-9.711,-6.924,-13.957,7.715,169.816,13.661,0.142,-0.232,7.715,4.638072,-74.084482,0.00,7,1
167,3262100,-2.445,1.142,-10.220,-8.266,-12.798,8.692,170.014,13.463,0.116,-0.249,8.692,4.638072,-74.084482,0.00,7,1
168,3272094,-2.552,0.973,-10.349,-6.008,-8.037,6.922,170.302,13.359,0.099,-0.260,6.922,4.638072,-74.084482,0.00,7,1
169,3282097,-2.523,1.021,-10.366,-2.285,-1.720,3.748,170.580,13.307,0.104,-0.257,3.748,4.638072,-74.084482,0.00,7,1
170,3293998,-2.311,1.212,-10.138,2.812,4.567,0.422,170.789,13.243,0.124,-0.236,0.422,4.638072,-74.084482,0.00,7,1
171,3302105,-2.065,1.474,-9.694,7.054,9.114,-1.257,170.869,13.157,0.150,-0.211,-1.257,4.638072,-74.084482,0.00,7,1
172,3312095,-1.846,1.641,-9.225,8.671,10.670,-0.707,170.838,13.030,0.167,-0.188,-0.707,4.638072,-74.084482,0.00,7,1
173,3322099,-1.708,1.687,-8.930,7.267,8.900,1.642,170.747,12.856,0.172,-0.174,1.642,4.638072,-74.084482,0.00,7,1
174,3332105,-1.729,1.646,-8.942,3.483,5.391,4.633,170.649,12.673,0.168,-0.176,4.633,4.638072,-74.084482,0.00,7,1
175,3342105,-1.846,1.552,-9.175,0.401,2.431,7.044,170.600,12.515,0.158,-0.188,7.044,4.638072,-74.084482,0.00,7,1
176,3352096,-1.891,1.426,-9.482,-1.095,1.210,8.600,170.626,12.352,0.145,-0.193,8.600,4.638072,-74.084482,0.00,7,1
177,3362095,-2.025,1.166,-9.720,-1.888,1.515,9.363,170.785,12.249,0.119,-0.206,9.363,4.638072,-74.084482,0.00,7,1
178,3372105,-2.130,0.891,-9.802,-0.728,3.193,7.746,171.077,12.213,0.091,-0.217,7.746,4.638072,-74.084482,0.00,7,1
179,3382105,-2.125,0.884,-9.720,1.591,5.330,4.145,171.367,12.205,0.090,-0.217,4.145,4.638072,-74.084482,0.00,7,1
180,3392096,-2.046,1.045,-9.629,3.605,6.581,0.849,171.572,12.181,0.107,-0.209,0.849,4.638072,-74.084482,0.00,7,1
181,3402096,-1.899,1.197,-9.415,5.039,7.191,-1.470,171.688,12.113,0.122,-0.194,-1.470,4.638072,-74.084482,0.00,7,1
182,3412105,-1.703,1.310,-9.086,5.131,5.971,-2.539,171.717,11.974,0.134,-0.174,-2.539,4.638072,-74.084482,0.00,7,1
183,3422105,-1.543,1.404,-8.983,3.575,2.278,-2.477,171.674,11.740,0.143,-0.157,-2.477,4.638072,-74.084482,0.00,7,1
184,3432096,-1.550,1.458,-8.988,1.652,-2.727,-1.898,171.590,11.480,0.149,-0.158,-1.898,4.638072,-74.084482,0.00,7,1
185,3442099,-1.572,1.542,-9.348,-0.698,-7.823,-0.738,171.479,11.175,0.157,-0.160,-0.738,4.638072,-74.084482,0.00,7,1
186,3452105,-1.686,1.549,-9.699,-3.597,-11.302,1.002,171.373,10.888,0.158,-0.172,1.002,4.638072,-74.084482,0.00,7,1
187,3462110,-1.820,1.479,-10.013,-7.107,-12.950,3.138,171.298,10.645,0.151,-0.186,3.138,4.638072,-74.084482,0.00,7,1
188,3472105,-1.937,1.359,-10.301,-9.762,-12.859,4.481,171.277,10.453,0.139,-0.197,4.481,4.638072,-74.084482,0.00,7,1
189,3482110,-2.051,1.371,-10.551,-11.165,-10.753,4.206,171.255,10.324,0.140,-0.209,4.206,4.638072,-74.084482,0.00,7,1
190,3492110,-2.075,1.542,-10.674,-10.067,-7.274,3.107,171.179,10.237,0.157,-0.212,3.107,4.638072,-74.084482,0.00,7,1
191,3502118,-2.008,1.848,-10.640,-8.327,-3.154,2.802,170.992,10.166,0.188,-0.205,2.802,4.638072,-74.084482,0.00,7,1
192,3512105,-1.953,2.087,-10.525,-6.740,0.660,4.023,170.724,10.118,0.213,-0.199,4.023,4.638072,-74.084482,0.00,7,1
193,3522105,-1.868,2.239,-10.328,-5.215,3.621,6.373,170.408,10.077,0.228,-0.190,6.373,4.638072,-74.084482,0.00,7,1
194,3532118,-1.753,2.318,-10.234,-4.024,5.818,9.455,170.085,10.016,0.236,-0.179,9.455,4.638072,-74.084482,0.00,7,1
195,3542113,-1.663,2.272,-10.124,-3.048,7.618,12.842,169.805,9.946,0.232,-0.170,12.842,4.638072,-74.084482,0.00,7,1
196,3552135,-1.550,2.002,-9.876,-2.102,9.022,16.077,169.652,9.864,0.204,-0.158,16.077,4.638072,-74.084482,0.00,7,1
197,3562120,-1.465,1.636,-9.550,-1.583,9.205,17.481,169.657,9.779,0.167,-0.149,17.481,4.638072,-74.084482,0.00,7,1
198,3572117,-1.441,1.431,-9.343,-1.919,7.832,16.993,169.741,9.693,0.146,-0.147,16.993,4.638072,-74.084482,0.00,7,1
199,3597195,-1.601,1.624,-9.473,-7.717,-0.926,15.528,169.538,9.481,0.166,-0.163,15.528,4.638072,-74.084482,0.00,7,1
200,3598589,-1.601,1.624,-9.473,-7.717,-0.926,15.528,169.442,9.354,0.166,-0.163,15.528,4.638072,-74.084482,0.00,7,1
201,3602389,-1.601,1.624,-9.473,-7.717,-0.926,15.528,169.415,9.286,0.166,-0.163,15.528,4.638072,-74.084482,0.00,7,1
202,3612112,-1.760,1.648,-9.771,-9.579,-3.215,16.779,169.389,9.259,0.168,-0.179,16.779,4.638072,-74.084482,0.00,7,1
203,3622109,-1.972,1.544,-10.097,-10.311,-3.795,17.725,169.435,9.304,0.157,-0.201,17.725,4.638072,-74.084482,0.00,7,1
204,3632111,-2.039,1.378,-10.193,-10.647,-2.635,18.030,169.559,9.380,0.141,-0.208,18.030,4.638072,-74.084482,0.00,7,1
205,3642115,-2.044,1.207,-9.992,-11.562,-1.018,18.000,169.733,9.485,0.123,-0.208,18.000,4.638072,-74.084482,0.00,7,1
206,3652111,-2.089,1.108,-9.742,-13.119,0.111,17.298,169.909,9.638,0.113,-0.213,17.298,4.638072,-74.084482,0.00,7,1
207,3662114,-2.027,1.101,-9.432,-14.950,0.233,15.803,170.039,9.780,0.112,-0.207,15.803,4.638072,-74.084482,0.00,7,1
208,3672105,-1.932,1.209,-9.206,-16.903,-0.591,14.246,170.070,9.877,0.123,-0.197,14.246,4.638072,-74.084482,0.00,7,1
209,3682109,-1.937,1.433,-9.122,-18.642,-2.178,13.086,169.961,9.959,0.146,-0.197,13.086,4.638072,-74.084482,0.00,7,1
210,3692108,-1.996,1.641,-9.100,-18.947,-3.642,12.171,169.751,10.048,0.167,-0.204,12.171,4.638072,-74.084482,0.00,7,1
211,3702125,-2.051,1.855,-9.048,-17.971,-4.894,11.591,169.454,10.147,0.189,-0.209,11.591,4.638072,-74.084482,0.00,7,1
212,3712110,-2.077,2.145,-9.036,-16.903,-6.023,11.713,169.047,10.235,0.219,-0.212,11.713,4.638072,-74.084482,0.00,7,1
213,3722114,-2.116,2.325,-8.988,-15.621,-7.060,13.025,168.589,10.324,0.237,-0.216,13.025,4.638072,-74.084482,0.00,7,1
214,3732109,-2.209,2.470,-9.103,-14.034,-8.251,15.070,168.128,10.424,0.252,-0.225,15.070,4.638072,-74.084482,0.00,7,1
215,3742111,-2.259,2.540,-9.173,-10.738,-9.105,17.237,167.710,10.522,0.259,-0.230,17.237,4.638072,-74.084482,0.00,7,1
216,3752114,-2.364,2.477,-9.391,-7.412,-9.471,19.892,167.413,10.636,0.253,-0.241,19.892,4.638072,-74.084482,0.00,7,1
217,3762124,-2.581,2.227,-9.720,-3.719,-8.342,21.967,167.326,10.820,0.227,-0.263,21.967,4.638072,-74.084482,0.00,7,1
218,3772116,-2.747,2.017,-9.874,0.187,-5.535,22.486,167.393,11.075,0.206,-0.280,22.486,4.638072,-74.084482,0.00,7,1
219,3782117,-2.769,1.993,-9.953,3.086,-2.086,22.577,167.499,11.343,0.203,-0.282,22.577,4.638072,-74.084482,0.00,7,1
220,3792108,-2.745,1.983,-9.859,4.521,1.393,23.310,167.606,11.623,0.202,-0.280,23.310,4.638072,-74.084482,0.00,7,1
221,3802110,-2.736,1.906,-9.749,4.032,4.201,24.561,167.725,11.918,0.194,-0.279,24.561,4.638072,-74.084482,0.00,7,1
222,3812119,-2.669,1.752,-9.588,3.788,6.520,25.629,167.890,12.205,0.179,-0.272,25.629,4.638072,-74.084482,0.00,7,1
223,3822111,-2.619,1.614,-9.302,3.636,7.893,25.721,168.081,12.497,0.165,-0.267,25.721,4.638072,-74.084482,0.00,7,1
224,3832113,-2.454,1.549,-9.031,4.276,7.466,24.805,168.273,12.722,0.158,-0.250,24.805,4.638072,-74.084482,0.00,7,1
225,3842117,-2.375,1.549,-8.904,4.734,5.482,23.920,168.443,12.889,0.158,-0.242,23.920,4.638072,-74.084482,0.00,7,1
226,3852102,-2.337,1.417,-8.877,4.246,2.919,23.401,168.661,13.008,0.144,-0.238,23.401,4.638072,-74.084482,0.00,7,1
227,3862119,-2.373,1.327,-9.007,3.208,0.142,22.608,168.906,13.095,0.135,-0.242,22.608,4.638072,-74.084482,0.00,7,1
228,3872109,-2.471,1.344,-9.233,2.110,-2.483,21.845,169.131,13.169,0.137,-0.252,21.845,4.638072,-74.084482,0.00,7,1
229,3882119,-2.530,1.315,-9.317,2.445,-3.917,20.594,169.362,13.242,0.134,-0.258,20.594,4.638072,-74.084482,0.00,7,1
230,3892115,-2.736,1.383,-9.643,2.598,-4.009,19.800,169.566,13.360,0.141,-0.279,19.800,4.638072,-74.084482,0.00,7,1
231,3902103,-2.871,1.241,-9.881,4.460,-2.574,18.824,169.853,13.514,0.127,-0.293,18.824,4.638072,-74.084482,0.00,7,1
232,3912119,-2.898,1.180,-9.895,6.626,-0.072,17.115,170.165,13.691,0.120,-0.295,17.115,4.638072,-74.084482,0.00,7,1
233,3922111,-2.948,1.267,-9.943,7.237,2.431,16.138,170.423,13.890,0.129,-0.301,16.138,4.638072,-74.084482,0.00,7,1
234,3934357,-2.905,1.335,-9.931,7.145,4.841,16.382,170.641,14.084,0.136,-0.296,16.382,4.638072,-74.084482,0.00,7,1
235,3942113,-2.845,1.344,-9.835,5.802,7.130,17.725,170.808,14.267,0.137,-0.290,17.725,4.638072,-74.084482,0.00,7,1
236,3952118,-2.712,1.310,-9.670,3.941,9.083,19.556,170.950,14.417,0.134,-0.277,19.556,4.638072,-74.084482,0.00,7,1
237,3962118,-2.538,1.209,-9.468,1.377,10.670,21.540,171.093,14.517,0.123,-0.259,21.540,4.638072,-74.084482,0.00,7,1
238,3972110,-2.352,1.002,-9.240,-0.667,11.952,22.608,171.293,14.565,0.102,-0.240,22.608,4.638072,-74.084482,0.00,7,1
239,3982110,-2.127,0.867,-8.988,-2.285,12.318,21.998,171.518,14.536,0.088,-0.217,21.998,4.638072,-74.084482,0.00,7,1
240,3992110,-1.925,0.828,-8.822,-3.475,11.372,20.136,171.727,14.420,0.084,-0.196,20.136,4.638072,-74.084482,0.00,7,1
241,4002122,-1.825,0.879,-8.759,-3.902,10.182,17.603,171.885,14.258,0.090,-0.186,17.603,4.638072,-74.084482,0.00,7,1
242,4012124,-1.639,1.016,-8.635,-2.224,8.504,14.277,171.968,14.009,0.104,-0.167,14.277,4.638072,-74.084482,0.00,7,1
243,4022110,-1.579,1.154,-8.690,0.767,6.733,10.920,172.004,13.726,0.118,-0.161,10.920,4.638072,-74.084482,0.00,7,1
244,4032114,-1.598,1.323,-8.769,4.887,5.116,7.288,171.994,13.450,0.135,-0.163,7.288,4.638072,-74.084482,0.00,7,1
245,4042113,-1.608,1.419,-8.889,8.885,3.743,4.572,171.981,13.176,0.145,-0.164,4.572,4.638072,-74.084482,0.00,7,1
246,4052113,-1.608,1.400,-8.947,11.387,2.125,2.466,172.007,12.903,0.143,-0.164,2.466,4.638072,-74.084482,0.00,7,1
247,4062124,-1.617,1.511,-8.995,12.119,0.355,0.757,171.985,12.634,0.154,-0.165,0.757,4.638072,-74.084482,0.00,7,1
248,4072117,-1.615,1.679,-9.096,11.662,-1.445,-0.036,171.886,12.357,0.171,-0.165,-0.036,4.638072,-74.084482,0.00,7,1
249,4082116,-1.572,1.687,-9.072,9.770,-3.063,0.117,171.772,12.068,0.172,-0.160,0.117,4.638072,-74.084482,0.00,7,1
250,4092102,-1.546,1.694,-9.122,6.107,-4.619,0.940,171.633,11.770,0.173,-0.158,0.940,4.638072,-74.084482,0.00,7,1
251,4102175,-1.529,1.674,-9.120,2.659,-6.389,1.307,171.482,11.472,0.171,-0.156,1.307,4.638072,-74.084482,0.00,7,1
252,4112120,-1.591,1.728,-9.228,0.096,-7.915,0.971,171.303,11.203,0.176,-0.162,0.971,4.638072,-74.084482,0.00,7,1
253,4122121,-1.584,1.858,-9.372,-0.973,-8.525,0.208,171.079,10.933,0.189,-0.162,0.208,4.638072,-74.084482,0.00,7,1
254,4132108,-1.577,1.957,-9.427,-0.606,-8.800,-0.585,170.835,10.673,0.200,-0.161,-0.585,4.638072,-74.084482,0.00,7,1
255,4142111,-1.629,1.957,-9.526,0.614,-8.617,-1.592,170.630,10.451,0.200,-0.166,-1.592,4.638072,-74.084482,0.00,7,1
256,4152114,-1.701,2.019,-9.610,1.835,-7.976,-2.691,170.432,10.278,0.206,-0.173,-2.691,4.638072,-74.084482,0.00,7,1
257,4162112,-1.727,2.002,-9.595,3.727,-7.152,-3.881,170.272,10.140,0.204,-0.176,-3.881,4.638072,-74.084482,0.00,7,1
258,4172128,-1.822,2.089,-9.626,5.009,-6.359,-5.499,170.100,10.059,0.213,-0.186,-5.499,4.638072,-74.084482,0.00,7,1
259,4182122,-1.882,2.239,-9.614,5.345,-5.535,-6.475,169.876,10.017,0.228,-0.192,-6.475,4.638072,-74.084482,0.00,7,1
260,4192108,-1.846,2.316,-9.526,5.222,-4.985,-6.750,169.622,9.973,0.236,-0.188,-6.750,4.638072,-74.084482,0.00,7,1
261,4202114,-1.818,2.376,-9.425,2.995,-4.955,-5.865,169.329,9.928,0.242,-0.185,-5.865,4.638072,-74.084482,0.00,7,1
262,4212099,-1.851,2.371,-9.379,-0.271,-5.474,-4.583,169.025,9.901,0.242,-0.189,-4.583,4.638072,-74.084482,0.00,7,1
263,4222100,-1.884,2.362,-9.413,-3.292,-5.901,-3.698,168.724,9.885,0.241,-0.192,-3.698,4.638072,-74.084482,0.00,7,1
264,4232104,-1.922,2.369,-9.468,-4.696,-5.962,-3.515,168.437,9.882,0.242,-0.196,-3.515,4.638072,-74.084482,0.00,7,1
265,4242106,-1.972,2.441,-9.458,-4.268,-5.535,-4.095,168.143,9.906,0.249,-0.201,-4.095,4.638072,-74.084482,0.00,7,1
266,4252095,-2.003,2.545,-9.600,-3.719,-4.527,-4.309,167.846,9.936,0.259,-0.204,-4.309,4.638072,-74.084482,0.00,7,1
267,4262097,-2.025,2.482,-9.581,-2.376,-3.063,-4.186,167.610,9.991,0.253,-0.206,-4.186,4.638072,-74.084482,0.00,7,1
268,4272104,-2.051,2.371,-9.542,-1.919,-1.934,-4.309,167.442,10.069,0.242,-0.209,-4.309,4.638072,-74.084482,0.00,7,1
269,4282106,-2.139,2.335,-9.595,-2.193,-1.598,-4.766,167.306,10.180,0.238,-0.218,-4.766,4.638072,-74.084482,0.00,7,1
270,4294074,-2.235,2.403,-9.730,-3.109,-1.415,-5.255,167.145,10.304,0.245,-0.228,-5.255,4.638072,-74.084482,0.00,7,1
271,4302110,-2.251,2.463,-9.787,-4.574,-0.652,-5.346,166.974,10.436,0.251,-0.230,-5.346,4.638072,-74.084482,0.00,7,1
272,4312099,-2.228,2.509,-9.694,-7.137,0.203,-4.583,166.762,10.564,0.256,-0.227,-4.583,4.638072,-74.084482,0.00,7,1
273,4322099,-2.225,2.494,-9.646,-10.586,0.508,-3.179,166.536,10.688,0.254,-0.227,-3.179,4.638072,-74.084482,0.00,7,1
274,4332105,-2.266,2.470,-9.667,-13.302,0.874,-2.233,166.316,10.822,0.252,-0.231,-2.233,4.638072,-74.084482,0.00,7,1
275,4342105,-2.349,2.422,-9.682,-14.461,2.217,-2.294,166.126,10.994,0.247,-0.240,-2.294,4.638072,-74.084482,0.00,7,1
276,4352099,-2.349,2.494,-9.638,-14.583,4.109,-2.996,165.913,11.173,0.254,-0.240,-2.996,4.638072,-74.084482,0.00,7,1
277,4362099,-2.287,2.661,-9.605,-13.729,6.428,-3.698,165.647,11.331,0.271,-0.233,-3.698,4.638072,-74.084482,0.00,7,1
278,4372105,-2.211,2.723,-9.456,-11.837,8.778,-4.095,165.372,11.478,0.278,-0.225,-4.095,4.638072,-74.084482,0.00,7,1
279,4382105,-2.123,2.726,-9.245,-9.640,10.365,-4.400,165.111,11.608,0.278,-0.216,-4.400,4.638072,-74.084482,0.00,7,1
280,4392095,-2.051,2.697,-9.040,-7.107,10.487,-5.010,164.879,11.717,0.275,-0.209,-5.010,4.638072,-74.084482,0.00,7,1
281,4402099,-2.027,2.595,-9.000,-5.092,9.358,-5.834,164.725,11.803,0.265,-0.207,-5.834,4.638072,-74.084482,0.00,7,1
282,4412105,-1.999,2.465,-8.966,-3.719,7.466,-7.360,164.653,11.859,0.251,-0.204,-7.360,4.638072,-74.084482,0.00,7,1
283,4422105,-2.003,2.424,-9.002,-2.956,5.208,-9.283,164.618,11.888,0.247,-0.204,-9.283,4.638072,-74.084482,0.00,7,1
284,4432095,-2.046,2.432,-9.117,-3.383,2.492,-11.114,164.592,11.900,0.248,-0.209,-11.114,4.638072,-74.084482,0.00,7,1
285,4442099,-2.144,2.374,-9.257,-4.726,0.020,-12.670,164.600,11.920,0.242,-0.219,-12.670,4.638072,-74.084482,0.00,7,1
286,4452110,-2.251,2.376,-9.384,-6.740,-1.872,-14.440,164.603,11.957,0.242,-0.230,-14.440,4.638072,-74.084482,0.00,7,1
287,4462099,-2.292,2.407,-9.473,-8.541,-3.032,-16.363,164.586,11.988,0.245,-0.234,-16.363,4.638072,-74.084482,0.00,7,1
288,4472095,-2.373,2.453,-9.535,-9.670,-3.612,-18.438,164.546,12.041,0.250,-0.242,-18.438,4.638072,-74.084482,0.00,7,1
289,4482099,-2.435,2.571,-9.461,-10.158,-4.131,-20.910,164.444,12.116,0.262,-0.248,-20.910,4.638072,-74.084482,0.00,7,1
290,4492095,-2.416,2.822,-9.434,-11.379,-5.138,-22.558,164.223,12.164,0.288,-0.246,-22.558,4.638072,-74.084482,0.00,7,1
291,4502104,-2.404,3.070,-9.521,-12.661,-6.328,-22.589,163.912,12.175,0.313,-0.245,-22.589,4.638072,-74.084482,0.00,7,1
292,4512105,-2.423,3.244,-9.526,-13.698,-7.488,-21.643,163.540,12.178,0.331,-0.247,-21.643,4.638072,-74.084482,0.00,7,1
293,4522111,-2.488,3.415,-9.674,-15.163,-8.312,-19.842,163.134,12.180,0.348,-0.254,-19.842,4.638072,-74.084482,0.00,7,1
294,4532107,-2.535,3.589,-9.867,-16.018,-8.068,-17.217,162.708,12.180,0.366,-0.259,-17.217,4.638072,-74.084482,0.00,7,1
295,4542114,-2.569,3.666,-10.071,-16.292,-6.725,-14.044,162.312,12.186,0.374,-0.262,-14.044,4.638072,-74.084482,0.00,7,1
296,4552108,-2.604,3.647,-10.234,-15.468,-3.642,-10.809,161.985,12.219,0.372,-0.266,-10.809,4.638072,-74.084482,0.00,7,1
297,4562113,-2.602,3.565,-10.232,-12.935,0.233,-8.367,161.738,12.288,0.363,-0.265,-8.367,4.638072,-74.084482,0.00,7,1
298,4572103,-2.509,3.495,-10.172,-9.853,4.323,-6.536,161.559,12.360,0.356,-0.256,-6.536,4.638072,-74.084482,0.00,7,1
299,4619549,-1.736,2.270,-9.237,-5.092,13.600,-1.623,161.657,12.577,0.231,-0.177,-1.623,4.638072,-74.084482,0.00,7,1
300,4620996,-1.736,2.270,-9.237,-5.092,13.600,-1.623,161.879,12.661,0.231,-0.177,-1.623,4.638072,-74.084482,0.00,7,1
301,4622378,-1.736,2.270,-9.237,-5.092,13.600,-1.623,162.170,12.645,0.231,-0.177,-1.623,4.638072,-74.084482,0.00,7,1
302,4623762,-1.736,2.270,-9.237,-5.092,13.600,-1.623,162.491,12.556,0.231,-0.177,-1.623,4.638072,-74.084482,0.00,7,1
303,4625141,-1.617,2.193,-9.091,-6.710,13.417,-3.332,162.826,12.353,0.224,-0.165,-3.332,4.638072,-74.084482,0.00,7,1
304,4632110,-1.617,2.193,-9.091,-6.710,13.417,-3.332,163.129,12.163,0.224,-0.165,-3.332,4.638072,-74.084482,0.00,7,1
305,4642114,-1.531,2.224,-9.043,-8.633,12.776,-5.224,163.341,11.950,0.227,-0.156,-5.224,4.638072,-74.084482,0.00,7,1
306,4652108,-1.553,2.248,-9.024,-8.694,12.135,-7.452,163.503,11.776,0.229,-0.158,-7.452,4.638072,-74.084482,0.00,7,1
307,4662107,-1.546,2.277,-8.971,-7.076,11.647,-10.351,163.632,11.622,0.232,-0.158,-10.351,4.638072,-74.084482,0.00,7,1
308,4672105,-1.536,2.260,-8.899,-5.001,10.945,-13.311,163.762,11.483,0.230,-0.157,-13.311,4.638072,-74.084482,0.00,7,1
309,4682118,-1.541,2.234,-8.832,-3.750,9.572,-15.905,163.892,11.357,0.228,-0.157,-15.905,4.638072,-74.084482,0.00,7,1
310,4692123,-1.550,2.219,-8.774,-4.177,7.680,-17.980,164.004,11.239,0.226,-0.158,-17.980,4.638072,-74.084482,0.00,7,1
311,4702112,-1.579,2.178,-8.834,-5.489,5.177,-19.506,164.121,11.122,0.222,-0.161,-19.506,4.638072,-74.084482,0.00,7,1
312,4712117,-1.694,2.087,-8.918,-7.747,2.583,-20.941,164.264,11.046,0.213,-0.173,-20.941,4.638072,-74.084482,0.00,7,1
313,4722112,-1.851,2.029,-8.988,-9.456,0.538,-23.321,164.415,11.034,0.207,-0.189,-23.321,4.638072,-74.084482,0.00,7,1
314,4732116,-2.015,2.108,-9.137,-10.403,-0.652,-26.312,164.520,11.076,0.215,-0.206,-26.312,4.638072,-74.084482,0.00,7,1
315,4742118,-2.158,2.207,-9.278,-11.074,-0.652,-29.119,164.576,11.166,0.225,-0.220,-29.119,4.638072,-74.084482,0.00,7,1
316,4752118,-2.237,2.369,-9.197,-10.555,-0.438,-31.774,164.543,11.292,0.242,-0.228,-31.774,4.638072,-74.084482,0.00,7,1
317,4762122,-2.285,2.682,-9.117,-11.013,-0.774,-33.697,164.348,11.425,0.274,-0.233,-33.697,4.638072,-74.084482,0.00,7,1
318,4772104,-2.378,2.993,-9.170,-11.501,-1.872,-33.972,164.028,11.563,0.305,-0.242,-33.972,4.638072,-74.084482,0.00,7,1
319,4782115,-2.468,3.184,-9.165,-11.227,-3.002,-33.087,163.649,11.714,0.325,-0.252,-33.087,4.638072,-74.084482,0.00,7,1
320,4792123,-2.604,3.430,-9.235,-11.318,-4.100,-31.805,163.202,11.886,0.350,-0.266,-31.805,4.638072,-74.084482,0.00,7,1
321,4802112,-2.638,3.651,-9.398,-10.799,-4.619,-29.516,162.727,12.027,0.372,-0.269,-29.516,4.638072,-74.084482,0.00,7,1
322,4812108,-2.685,3.731,-9.485,-9.640,-4.253,-26.739,162.281,12.168,0.380,-0.274,-26.739,4.638072,-74.084482,0.00,7,1
323,4822116,-2.700,3.803,-9.518,-7.625,-3.093,-24.023,161.865,12.307,0.388,-0.275,-24.023,4.638072,-74.084482,0.00,7,1
324,4832105,-2.626,3.876,-9.518,-4.970,-1.323,-21.520,161.476,12.419,0.395,-0.268,-21.520,4.638072,-74.084482,0.00,7,1
325,4842127,-2.559,3.919,-9.463,-2.193,0.599,-18.591,161.117,12.515,0.400,-0.261,-18.591,4.638072,-74.084482,0.00,7,1
326,4852111,-2.356,3.832,-9.338,0.981,2.431,-15.447,160.830,12.549,0.391,-0.240,-15.447,4.638072,-74.084482,0.00,7,1
327,4862112,-2.268,3.697,-9.273,4.826,3.773,-13.159,160.646,12.566,0.377,-0.231,-13.159,4.638072,-74.084482,0.00,7,1
328,4872106,-2.096,3.521,-9.204,9.190,4.658,-11.877,160.581,12.528,0.359,-0.214,-11.877,4.638072,-74.084482,0.00,7,1
329,4882118,-1.994,3.333,-9.122,12.425,4.597,-11.236,160.618,12.459,0.340,-0.203,-11.236,4.638072,-74.084482,0.00,7,1
330,4892123,-1.922,3.160,-9.113,14.439,3.193,-10.473,160.747,12.357,0.322,-0.196,-10.473,4.638072,-74.084482,0.00,7,1
331,4902115,-1.941,3.017,-9.257,14.103,1.546,-9.893,160.947,12.248,0.308,-0.198,-9.893,4.638072,-74.084482,0.00,7,1
332,4912119,-1.949,2.928,-9.430,12.364,-0.163,-9.283,161.179,12.122,0.299,-0.199,-9.283,4.638072,-74.084482,0.00,7,1
333,4922108,-1.989,2.863,-9.677,10.166,-1.201,-8.734,161.433,11.996,0.292,-0.203,-8.734,4.638072,-74.084482,0.00,7,1
334,4934224,-2.132,2.620,-10.068,9.098,0.081,-9.222,161.825,11.917,0.267,-0.217,-9.222,4.638072,-74.084482,0.00,7,1
335,4942124,-2.132,2.620,-10.068,9.098,0.081,-9.222,162.173,11.852,0.267,-0.217,-9.222,4.638072,-74.084482,0.00,7,1
336,4952109,-2.144,2.485,-10.162,9.556,2.522,-10.473,162.565,11.815,0.253,-0.219,-10.473,4.638072,-74.084482,0.00,7,1
337,4962105,-2.085,2.436,-10.076,9.617,5.238,-12.060,162.938,11.789,0.248,-0.213,-12.060,4.638072,-74.084482,0.00,7,1
338,4972102,-2.011,2.405,-9.924,9.068,7.252,-13.342,163.274,11.766,0.245,-0.205,-13.342,4.638072,-74.084482,0.00,7,1
339,4982108,-1.951,2.393,-9.811,8.183,8.504,-14.532,163.569,11.739,0.244,-0.199,-14.532,4.638072,-74.084482,0.00,7,1
340,4992110,-1.941,2.475,-9.730,6.931,9.236,-15.417,163.785,11.722,0.252,-0.198,-15.417,4.638072,-74.084482,0.00,7,1
341,5002115,-1.882,2.470,-9.557,6.748,9.389,-16.699,163.965,11.695,0.252,-0.192,-16.699,4.638072,-74.084482,0.00,7,1
342,5012116,-1.868,2.554,-9.595,5.772,9.053,-17.309,164.089,11.657,0.260,-0.190,-17.309,4.638072,-74.084482,0.00,7,1
343,5022103,-1.889,2.550,-9.638,5.070,8.900,-17.340,164.204,11.625,0.260,-0.193,-17.340,4.638072,-74.084482,0.00,7,1
344,5032118,-1.937,2.509,-9.617,3.971,9.114,-17.492,164.315,11.622,0.256,-0.197,-17.492,4.638072,-74.084482,0.00,7,1
345,5042112,-1.953,2.415,-9.626,3.208,9.572,-17.950,164.453,11.631,0.246,-0.199,-17.950,4.638072,-74.084482,0.00,7,1
346,5052102,-1.927,2.352,-9.586,2.323,10.182,-18.987,164.596,11.639,0.240,-0.197,-18.987,4.638072,-74.084482,0.00,7,1
347,5062112,-1.908,2.369,-9.526,0.279,10.701,-19.872,164.695,11.647,0.242,-0.195,-19.872,4.638072,-74.084482,0.00,7,1
348,5072121,-1.887,2.458,-9.499,-2.621,10.853,-20.330,164.717,11.646,0.251,-0.192,-20.330,4.638072,-74.084482,0.00,7,1
349,5082110,-1.910,2.639,-9.499,-5.123,10.884,-20.880,164.634,11.652,0.269,-0.195,-20.880,4.638072,-74.084482,0.00,7,1
350,5092102,-1.856,2.832,-9.391,-5.367,11.067,-21.459,164.456,11.639,0.289,-0.189,-21.459,4.638072,-74.084482,0.00,7,1
351,5102121,-1.794,3.039,-9.283,-4.635,10.914,-21.856,164.193,11.602,0.310,-0.183,-21.856,4.638072,-74.084482,0.00,7,1
352,5112110,-1.717,3.119,-9.257,-2.560,10.640,-21.887,163.930,11.530,0.318,-0.175,-21.887,4.638072,-74.084482,0.00,7,1
353,5122163,-1.674,3.102,-9.201,0.523,10.151,-22.039,163.715,11.444,0.316,-0.171,-22.039,4.638072,-74.084482,0.00,7,1
354,5132108,-1.682,3.128,-9.199,3.086,9.236,-22.436,163.529,11.359,0.319,-0.171,-22.436,4.638072,-74.084482,0.00,7,1
355,5142111,-1.720,3.229,-9.305,4.948,8.229,-22.589,163.345,11.278,0.329,-0.175,-22.589,4.638072,-74.084482,0.00,7,1
356,5152104,-1.763,3.278,-9.422,5.497,7.435,-21.765,163.177,11.205,0.334,-0.180,-21.765,4.638072,-74.084482,0.00,7,1
357,5162113,-1.834,3.237,-9.569,5.039,7.161,-20.391,163.057,11.156,0.330,-0.187,-20.391,4.638072,-74.084482,0.00,7,1
358,5172102,-1.844,3.198,-9.653,4.521,7.252,-19.201,162.969,11.111,0.326,-0.188,-19.201,4.638072,-74.084482,0.00,7,1
359,5182116,-1.863,3.150,-9.775,3.300,7.649,-17.736,162.913,11.073,0.321,-0.190,-17.736,4.638072,-74.084482,0.00,7,1
360,5192108,-1.877,3.039,-9.835,2.873,8.809,-16.821,162.912,11.052,0.310,-0.191,-16.821,4.638072,-74.084482,0.00,7,1
361,5202112,-1.848,2.923,-9.790,3.666,10.426,-16.729,162.961,11.042,0.298,-0.188,-16.729,4.638072,-74.084482,0.00,7,1
362,5212099,-1.810,2.805,-9.653,4.429,11.586,-17.523,163.047,11.040,0.286,-0.185,-17.523,4.638072,-74.084482,0.00,7,1
363,5222106,-1.748,2.817,-9.490,5.589,11.464,-19.018,163.110,11.021,0.287,-0.178,-19.018,4.638072,-74.084482,0.00,7,1
364,5232098,-1.727,2.897,-9.470,6.718,9.755,-20.147,163.142,10.978,0.295,-0.176,-20.147,4.638072,-74.084482,0.00,7,1
365,5242100,-1.832,2.914,-9.530,6.992,7.466,-20.391,163.175,10.958,0.297,-0.187,-20.391,4.638072,-74.084482,0.00,7,1
366,5252109,-1.975,2.909,-9.751,5.589,5.482,-19.811,163.223,10.966,0.297,-0.201,-19.811,4.638072,-74.084482,0.00,7,1
367,5262100,-2.142,2.865,-9.977,3.391,4.597,-18.499,163.292,11.018,0.292,-0.218,-18.499,4.638072,-74.084482,0.00,7,1
368,5274036,-2.187,2.728,-9.886,-1.217,5.848,-15.753,163.357,11.111,0.278,-0.223,-15.753,4.638072,-74.084482,0.00,7,1
369,5282110,-2.187,2.728,-9.886,-1.217,5.848,-15.753,163.422,11.194,0.278,-0.223,-15.753,4.638072,-74.084482,0.00,7,1
370,5292110,-2.099,2.735,-9.626,-2.254,6.367,-15.173,163.438,11.260,0.279,-0.214,-15.173,4.638072,-74.084482,0.00,7,1
371,5302099,-1.953,2.730,-9.309,-1.430,6.367,-15.295,163.422,11.285,0.278,-0.199,-15.295,4.638072,-74.084482,0.00,7,1
372,5312110,-1.941,2.776,-9.129,-1.034,5.452,-15.173,163.366,11.308,0.283,-0.198,-15.173,4.638072,-74.084482,0.00,7,1
373,5322099,-1.920,2.762,-9.177,0.645,4.750,-14.868,163.343,11.310,0.282,-0.196,-14.868,4.638072,-74.084482,0.00,7,1
374,5332110,-1.906,2.733,-9.031,4.032,3.895,-14.837,163.346,11.310,0.279,-0.194,-14.837,4.638072,-74.084482,0.00,7,1
375,5342099,-1.844,2.689,-8.944,6.504,2.156,-14.196,163.379,11.275,0.274,-0.188,-14.196,4.638072,-74.084482,0.00,7,1
376,5352110,-1.770,2.605,-8.932,7.023,-0.591,-12.365,163.453,11.186,0.266,-0.180,-12.365,4.638072,-74.084482,0.00,7,1
377,5362099,-1.803,2.381,-8.932,5.497,-3.948,-9.985,163.611,11.094,0.243,-0.184,-9.985,4.638072,-74.084482,0.00,7,1
378,5372105,-1.882,2.128,-9.036,3.300,-7.213,-8.459,163.869,11.012,0.217,-0.192,-8.459,4.638072,-74.084482,0.00,7,1
379,5382105,-1.963,2.007,-9.230,1.560,-9.441,-8.123,164.168,10.939,0.205,-0.200,-8.123,4.638072,-74.084482,0.00,7,1
380,5392095,-2.042,1.964,-9.454,0.797,-10.448,-8.398,164.479,10.877,0.200,-0.208,-8.398,4.638072,-74.084482,0.00,7,1
381,5402099,-2.135,1.973,-9.586,0.340,-9.685,-8.825,164.770,10.857,0.201,-0.218,-8.825,4.638072,-74.084482,0.00,7,1
382,5412105,-2.170,2.026,-9.521,0.492,-7.640,-9.588,165.011,10.878,0.207,-0.221,-9.588,4.638072,-74.084482,0.00,7,1
383,5422105,-2.120,2.227,-9.362,2.201,-5.748,-10.046,165.141,10.903,0.227,-0.216,-10.046,4.638072,-74.084482,0.00,7,1
384,5432099,-2.032,2.359,-9.302,4.948,-4.466,-9.405,165.220,10.902,0.241,-0.207,-9.405,4.638072,-74.084482,0.00,7,1
385,5442099,-1.956,2.284,-9.031,8.152,-3.673,-8.184,165.325,10.901,0.233,-0.199,-8.184,4.638072,-74.084482,0.00,7,1
386,5452105,-1.879,2.067,-8.793,11.143,-4.283,-6.872,165.526,10.886,0.211,-0.192,-6.872,4.638072,-74.084482,0.00,7,1
387,5462105,-1.894,1.740,-8.728,13.401,-6.145,-6.262,165.885,10.876,0.177,-0.193,-6.262,4.638072,-74.084482,0.00,7,1
388,5472095,-1.937,1.426,-8.711,14.988,-8.953,-6.689,166.386,10.869,0.145,-0.197,-6.689,4.638072,-74.084482,0.00,7,1
389,5482099,-2.011,1.173,-8.779,14.439,-12.676,-7.299,166.976,10.862,0.120,-0.205,-7.299,4.638072,-74.084482,0.00,7,1
390,5492110,-2.185,0.951,-9.069,12.119,-16.612,-8.184,167.627,10.872,0.097,-0.223,-8.184,4.638072,-74.084482,0.00,7,1
391,5502116,-2.509,0.807,-9.487,9.464,-19.359,-9.954,168.292,10.958,0.082,-0.256,-9.954,4.638072,-74.084482,0.00,7,1
392,5512107,-2.736,0.826,-9.881,7.298,-20.000,-12.792,168.892,11.084,0.084,-0.279,-12.792,4.638072,-74.084482,0.00,7,1
393,5522108,-2.864,0.971,-10.040,5.070,-18.871,-15.112,169.368,11.245,0.099,-0.292,-15.112,4.638072,-74.084482,0.00,7,1
394,5532117,-2.967,1.144,-10.085,2.476,-16.979,-16.180,169.709,11.446,0.117,-0.303,-16.180,4.638072,-74.084482,0.00,7,1
395,5542112,-3.012,1.332,-10.121,-0.179,-14.720,-16.119,169.919,11.665,0.136,-0.307,-16.119,4.638072,-74.084482,0.00,7,1
396,5552116,-2.967,1.520,-10.032,-2.315,-12.706,-15.356,170.005,11.874,0.155,-0.303,-15.356,4.638072,-74.084482,0.00,7,1
397,5562119,-2.938,1.597,-9.907,-3.414,-11.119,-13.861,170.033,12.085,0.163,-0.300,-13.861,4.638072,-74.084482,0.00,7,1
398,5572106,-2.945,1.609,-9.775,-4.330,-9.960,-12.091,170.035,12.309,0.164,-0.300,-12.091,4.638072,-74.084482,0.00,7,1
399,5597013,-3.131,1.609,-9.771,0.645,-6.359,-10.107,170.087,12.536,0.164,-0.319,-10.107,4.638072,-74.084482,0.00,7,1
400,5598410,-3.131,1.609,-9.771,0.645,-6.359,-10.107,170.136,12.835,0.164,-0.319,-10.107,4.638072,-74.084482,0.00,7,1
401,5602106,-3.131,1.609,-9.771,0.645,-6.359,-10.107,170.180,13.157,0.164,-0.319,-10.107,4.638072,-74.084482,0.00,7,1
402,5612111,-3.184,1.667,-9.879,3.605,-4.405,-10.290,170.228,13.471,0.170,-0.325,-10.290,4.638072,-74.084482,0.00,7,1
403,5622124,-3.134,1.713,-9.835,5.833,-2.147,-8.856,170.266,13.757,0.175,-0.320,-8.856,4.638072,-74.084482,0.00,7,1
404,5632115,-3.022,1.564,-9.735,6.626,-0.652,-6.536,170.372,13.997,0.159,-0.308,-6.536,4.638072,-74.084482,0.00,7,1
405,5642116,-3.019,1.260,-9.521,6.138,-0.041,-4.186,170.596,14.255,0.128,-0.308,-4.186,4.638072,-74.084482,0.00,7,1
406,5652109,-3.010,0.992,-9.550,5.741,-0.286,-3.088,170.929,14.484,0.101,-0.307,-3.088,4.638072,-74.084482,0.00,7,1
407,5662117,-3.050,0.860,-9.648,6.077,-0.133,-3.790,171.305,14.700,0.088,-0.311,-3.790,4.638072,-74.084482,0.00,7,1
408,5672108,-3.081,0.792,-9.660,6.535,0.569,-5.285,171.686,14.917,0.081,-0.314,-5.285,4.638072,-74.084482,0.00,7,1
409,5682121,-3.105,0.826,-9.665,5.772,1.393,-6.170,172.012,15.133,0.084,-0.317,-6.170,4.638072,-74.084482,0.00,7,1
410,5692115,-3.098,0.833,-9.631,4.246,2.064,-6.079,172.293,15.338,0.085,-0.316,-6.079,4.638072,-74.084482,0.00,7,1
411,5702119,-3.124,0.758,-9.564,1.774,2.522,-5.377,172.561,15.552,0.077,-0.319,-5.377,4.638072,-74.084482,0.00,7,1
412,5712105,-3.129,0.674,-9.518,-0.576,2.766,-4.919,172.824,15.761,0.069,-0.319,-4.919,4.638072,-74.084482,0.00,7,1
413,5722114,-3.155,0.623,-9.514,-2.132,3.499,-5.346,173.076,15.972,0.064,-0.322,-5.346,4.638072,-74.084482,0.00,7,1
414,5732115,-3.158,0.623,-9.458,-2.590,4.323,-6.414,173.302,16.182,0.064,-0.322,-6.414,4.638072,-74.084482,0.00,7,1
415,5742114,-3.129,0.744,-9.283,-2.926,5.086,-7.818,173.442,16.395,0.076,-0.319,-7.818,4.638072,-74.084482,0.00,7,1
416,5752113,-3.014,0.937,-9.091,-2.285,4.902,-8.642,173.475,16.564,0.096,-0.307,-8.642,4.638072,-74.084482,0.00,7,1
417,5762116,-2.969,1.089,-8.995,-1.919,3.956,-8.367,173.428,16.703,0.111,-0.303,-8.367,4.638072,-74.084482,0.00,7,1
418,5772112,-3.014,1.147,-9.000,-1.613,2.797,-7.299,173.359,16.839,0.117,-0.307,-7.299,4.638072,-74.084482,0.00,7,1
419,5782109,-3.026,1.156,-8.968,-1.003,1.790,-6.170,173.294,16.964,0.118,-0.309,-6.170,4.638072,-74.084482,0.00,7,1
420,5792119,-3.029,1.178,-9.168,-1.156,1.088,-4.888,173.235,17.045,0.120,-0.309,-4.888,4.638072,-74.084482,0.00,7,1
421,5802104,-3.017,1.106,-9.269,0.767,1.607,-4.217,173.240,17.106,0.113,-0.308,-4.217,4.638072,-74.084482,0.00,7,1
422,5812109,-2.943,1.026,-9.230,3.025,2.095,-4.431,173.300,17.142,0.105,-0.300,-4.431,4.638072,-74.084482,0.00,7,1
423,5822114,-2.900,1.040,-9.314,4.917,2.492,-5.010,173.371,17.147,0.106,-0.296,-5.010,4.638072,-74.084482,0.00,7,1
424,5832100,-2.759,1.043,-9.290,6.626,2.766,-5.224,173.450,17.096,0.106,-0.281,-5.224,4.638072,-74.084482,0.00,7,1
425,5842118,-2.678,0.951,-9.293,6.413,2.156,-4.858,173.564,17.009,0.097,-0.273,-4.858,4.638072,-74.084482,0.00,7,1
426,5852109,-2.650,0.838,-9.333,4.887,1.240,-4.736,173.712,16.903,0.085,-0.270,-4.736,4.638072,-74.084482,0.00,7,1
427,5862104,-2.640,0.792,-9.362,3.056,0.447,-5.285,173.854,16.790,0.081,-0.269,-5.285,4.638072,-74.084482,0.00,7,1
428,5872114,-2.607,0.780,-9.444,1.469,-0.133,-6.353,173.980,16.657,0.080,-0.266,-6.353,4.638072,-74.084482,0.00,7,1
429,5882120,-2.612,0.874,-9.506,-0.362,-0.652,-7.513,174.038,16.522,0.089,-0.266,-7.513,4.638072,-74.084482,0.00,7,1
430,5892120,-2.607,0.937,-9.446,-1.430,-1.262,-8.612,174.049,16.397,0.096,-0.266,-8.612,4.638072,-74.084482,0.00,7,1
431,5902103,-2.552,0.944,-9.348,-3.078,-2.422,-8.795,174.036,16.258,0.096,-0.260,-8.795,4.638072,-74.084482,0.00,7,1
432,5912111,-2.581,0.973,-9.406,-5.367,-3.948,-8.947,173.992,16.121,0.099,-0.263,-8.947,4.638072,-74.084482,0.00,7,1
433,5922117,-2.745,1.048,-9.566,-6.771,-5.168,-9.802,173.912,16.034,0.107,-0.280,-9.802,4.638072,-74.084482,0.00,7,1
434,5934263,-2.972,1.429,-9.953,-6.283,-4.131,-11.633,173.678,15.994,0.146,-0.303,-11.633,4.638072,-74.084482,0.00,7,1
435,5942120,-2.972,1.429,-9.953,-6.283,-4.131,-11.633,173.475,15.971,0.146,-0.303,-11.633,4.638072,-74.084482,0.00,7,1
436,5952118,-3.029,1.585,-9.977,-4.696,-1.872,-11.602,173.234,15.987,0.162,-0.309,-11.602,4.638072,-74.084482,0.00,7,1
437,5962117,-3.041,1.737,-9.927,-3.170,0.569,-10.839,172.955,16.033,0.177,-0.310,-10.839,4.638072,-74.084482,0.00,7,1
438,5972113,-2.962,1.858,-9.795,-1.766,2.736,-9.130,172.647,16.076,0.189,-0.302,-9.130,4.638072,-74.084482,0.00,7,1
439,5982123,-2.900,1.822,-9.593,-0.576,3.987,-6.750,172.374,16.127,0.186,-0.296,-6.750,4.638072,-74.084482,0.00,7,1
440,5992123,-2.898,1.725,-9.456,0.004,4.262,-4.675,172.159,16.195,0.176,-0.295,-4.675,4.638072,-74.084482,0.00,7,1
441,6002118,-2.871,1.672,-9.523,0.981,4.109,-3.210,171.999,16.238,0.171,-0.293,-3.210,4.638072,-74.084482,0.00,7,1
442,6012104,-2.857,1.559,-9.576,2.323,4.384,-2.142,171.921,16.269,0.159,-0.291,-2.142,4.638072,-74.084482,0.00,7,1
443,6022113,-2.833,1.419,-9.523,3.330,4.811,-1.562,171.918,16.301,0.145,-0.289,-1.562,4.638072,-74.084482,0.00,7,1
444,6032100,-2.802,1.359,-9.463,4.002,4.902,-1.379,171.945,16.327,0.139,-0.286,-1.379,4.638072,-74.084482,0.00,7,1
445,6042125,-2.781,1.282,-9.444,4.337,4.902,-1.379,172.008,16.345,0.131,-0.284,-1.379,4.638072,-74.084482,0.00,7,1
446,6052113,-2.774,1.228,-9.401,3.941,4.872,-1.379,172.085,16.365,0.125,-0.283,-1.379,4.638072,-74.084482,0.00,7,1
447,6062103,-2.764,1.183,-9.345,3.575,4.902,-1.470,172.170,16.387,0.121,-0.282,-1.470,4.638072,-74.084482,0.00,7,1
448,6072118,-2.795,1.149,-9.300,2.812,4.780,-1.776,172.255,16.426,0.117,-0.285,-1.776,4.638072,-74.084482,0.00,7,1
449,6082112,-2.750,1.207,-9.369,1.408,4.902,-1.898,172.298,16.434,0.123,-0.280,-1.898,4.638072,-74.084482,0.00,7,1
450,6092102,-2.693,1.200,-9.357,1.591,5.360,-2.111,172.341,16.421,0.122,-0.275,-2.111,4.638072,-74.084482,0.00,7,1
451,6102134,-2.645,1.250,-9.194,1.988,5.696,-2.691,172.351,16.412,0.127,-0.270,-2.691,4.638072,-74.084482,0.00,7,1
452,6112101,-2.578,1.383,-9.088,1.499,5.330,-2.996,172.284,16.380,0.141,-0.263,-2.996,4.638072,-74.084482,0.00,7,1
453,6122168,-2.430,1.361,-8.947,1.621,4.139,-2.844,172.224,16.290,0.139,-0.248,-2.844,4.638072,-74.084482,0.00,7,1
454,6132106,-2.468,1.376,-8.932,1.042,2.186,-2.874,172.154,16.208,0.140,-0.252,-2.874,4.638072,-74.084482,0.00,7,1
455,6142104,-2.497,1.407,-9.019,1.225,0.294,-2.600,172.083,16.117,0.143,-0.255,-2.600,4.638072,-74.084482,0.00,7,1
456,6152106,-2.550,1.296,-9.103,2.018,-1.323,-2.477,172.085,16.034,0.132,-0.260,-2.477,4.638072,-74.084482,0.00,7,1
457,6162104,-2.685,1.272,-9.300,2.049,-2.147,-2.905,172.111,15.985,0.130,-0.274,-2.905,4.638072,-74.084482,0.00,7,1
458,6172101,-2.743,1.368,-9.437,2.506,-2.025,-3.515,172.103,15.948,0.140,-0.280,-3.515,4.638072,-74.084482,0.00,7,1
459,6182110,-2.755,1.465,-9.458,2.567,-1.628,-3.485,172.053,15.918,0.149,-0.281,-3.485,4.638072,-74.084482,0.00,7,1
460,6192101,-2.783,1.474,-9.454,2.262,-1.110,-2.935,171.999,15.909,0.150,-0.284,-2.935,4.638072,-74.084482,0.00,7,1
461,6202110,-2.771,1.499,-9.403,2.140,-0.591,-2.203,171.933,15.905,0.153,-0.283,-2.203,4.638072,-74.084482,0.00,7,1
462,6212099,-2.740,1.539,-9.386,2.384,-0.377,-1.562,171.855,15.891,0.157,-0.279,-1.562,4.638072,-74.084482,0.00,7,1
463,6222111,-2.681,1.535,-9.369,3.544,-0.316,-0.921,171.794,15.856,0.156,-0.273,-0.921,4.638072,-74.084482,0.00,7,1
464,6232098,-2.731,1.472,-9.357,4.734,-0.499,-0.616,171.776,15.846,0.150,-0.278,-0.616,4.638072,-74.084482,0.00,7,1
465,6242100,-2.681,1.479,-9.381,5.833,-1.171,-0.738,171.769,15.805,0.151,-0.273,-0.738,4.638072,-74.084482,0.00,7,1
466,6252104,-2.628,1.503,-9.463,5.802,-1.750,-0.311,171.756,15.730,0.153,-0.268,-0.311,4.638072,-74.084482,0.00,7,1
467,6262106,-2.619,1.455,-9.444,5.222,-2.208,0.544,171.760,15.655,0.148,-0.267,0.544,4.638072,-74.084482,0.00,7,1
468,6272094,-2.633,1.385,-9.439,4.551,-2.910,1.368,171.790,15.587,0.141,-0.268,1.368,4.638072,-74.084482,0.00,7,1
469,6282097,-2.669,1.318,-9.492,4.246,-3.459,1.490,171.849,15.530,0.134,-0.272,1.490,4.638072,-74.084482,0.00,7,1
470,6294117,-2.719,1.298,-9.679,4.093,-3.704,1.429,171.929,15.464,0.132,-0.277,1.429,4.638072,-74.084482,0.00,7,1
471,6302099,-2.719,1.298,-9.679,4.093,-3.704,1.429,171.997,15.414,0.132,-0.277,1.429,4.638072,-74.084482,0.00,7,1
472,6312105,-2.771,1.248,-9.687,4.490,-3.246,1.337,172.086,15.395,0.127,-0.283,1.337,4.638072,-74.084482,0.00,7,1
473,6322105,-2.776,1.228,-9.715,4.490,-2.696,1.063,172.180,15.381,0.125,-0.283,1.063,4.638072,-74.084482,0.00,7,1
474,6332095,-2.750,1.236,-9.720,3.666,-2.086,1.215,172.255,15.362,0.126,-0.280,1.215,4.638072,-74.084482,0.00,7,1
475,6342099,-2.757,1.221,-9.679,2.690,-1.567,1.612,172.319,15.357,0.125,-0.281,1.612,4.638072,-74.084482,0.00,7,1
476,6352105,-2.759,1.279,-9.682,1.499,-1.232,1.856,172.342,15.356,0.130,-0.281,1.856,4.638072,-74.084482,0.00,7,1
477,6362105,-2.733,1.279,-9.581,2.354,-0.652,1.642,172.364,15.361,0.130,-0.279,1.642,4.638072,-74.084482,0.00,7,1
478,6372095,-2.726,1.327,-9.598,2.323,-0.102,1.917,172.363,15.365,0.135,-0.278,1.917,4.638072,-74.084482,0.00,7,1
479,6382099,-2.712,1.282,-9.583,2.628,0.508,2.619,172.385,15.371,0.131,-0.277,2.619,4.638072,-74.084482,0.00,7,1
480,6392105,-2.697,1.200,-9.526,2.934,0.996,3.046,172.443,15.382,0.122,-0.275,3.046,4.638072,-74.084482,0.00,7,1
481,6402105,-2.654,1.122,-9.480,3.666,1.240,2.649,172.536,15.384,0.114,-0.271,2.649,4.638072,-74.084482,0.00,7,1
482,6412095,-2.597,1.091,-9.430,3.788,0.996,2.314,172.635,15.364,0.111,-0.265,2.314,4.638072,-74.084482,0.00,7,1
483,6422095,-2.559,1.057,-9.408,2.903,0.233,2.283,172.733,15.325,0.108,-0.261,2.283,4.638072,-74.084482,0.00,7,1
484,6432105,-2.564,0.956,-9.444,2.506,-0.896,2.283,172.868,15.278,0.097,-0.261,2.283,4.638072,-74.084482,0.00,7,1
485,6442105,-2.612,0.896,-9.578,2.476,-1.872,1.642,173.028,15.231,0.091,-0.266,1.642,4.638072,-74.084482,0.00,7,1
486,6452096,-2.688,0.877,-9.646,2.110,-2.117,0.544,173.183,15.210,0.089,-0.274,0.544,4.638072,-74.084482,0.00,7,1
487,6462099,-2.697,0.934,-9.646,1.103,-1.842,-0.250,173.291,15.198,0.095,-0.275,-0.250,4.638072,-74.084482,0.00,7,1
488,6472105,-2.690,1.067,-9.624,-0.515,-1.567,-0.524,173.314,15.186,0.109,-0.274,-0.524,4.638072,-74.084482,0.00,7,1
489,6482105,-2.676,1.190,-9.619,-1.217,-1.110,-0.402,173.272,15.173,0.121,-0.273,-0.402,4.638072,-74.084482,0.00,7,1
490,6492096,-2.647,1.277,-9.641,-0.606,-0.530,0.025,173.200,15.150,0.130,-0.270,0.025,4.638072,-74.084482,0.00,7,1
491,6502104,-2.650,1.243,-9.634,0.767,0.020,0.452,173.162,15.136,0.127,-0.270,0.452,4.638072,-74.084482,0.00,7,1
492,6512111,-2.654,1.159,-9.648,2.354,0.538,0.666,173.180,15.130,0.118,-0.271,0.666,4.638072,-74.084482,0.00,7,1
493,6522107,-2.681,1.089,-9.658,3.269,0.660,0.727,173.238,15.136,0.111,-0.273,0.727,4.638072,-74.084482,0.00,7,1
494,6532104,-2.693,1.019,-9.653,3.178,0.783,0.452,173.323,15.150,0.104,-0.275,0.452,4.638072,-74.084482,0.00,7,1
495,6542113,-2.683,0.971,-9.648,1.591,0.966,0.269,173.408,15.161,0.099,-0.274,0.269,4.638072,-74.084482,0.00,7,1
496,6552105,-2.681,1.045,-9.667,-0.606,1.362,0.147,173.433,15.171,0.107,-0.273,0.147,4.638072,-74.084482,0.00,7,1
497,6562116,-2.554,1.084,-9.528,-0.576,1.546,-0.219,173.431,15.143,0.111,-0.260,-0.219,4.638072,-74.084482,0.00,7,1
498,6572122,-2.528,1.122,-9.523,-0.698,1.210,-0.585,173.411,15.103,0.114,-0.258,-0.585,4.638072,-74.084482,0.00,7,1
