t_rx,seq,t_us,ax,ay,az,gx,gy,gz,roll,pitch,g_lat,g_lon,yaw_rate,rssi,snr,lost,total
1784928390.065,853,10098062,-2.189,-0.546,-11.831,-8.938,0.905,-14.562,-167.882,15.085,-0.056,-0.223,-14.562,-69,10.25,0,1
1784928391.044,953,11098090,-1.021,0.124,-9.504,-3.139,-20.275,-67.633,-175.585,5.333,0.013,-0.104,-67.633,-67,13.25,99,2
1784928392.045,1053,12098060,-0.916,-2.089,-10.224,8.427,11.799,40.064,-166.454,7.005,-0.213,-0.093,40.064,-66,13.50,198,3
1784928393.056,1154,13109228,-0.511,-2.422,-9.394,-0.362,7.680,-3.912,-166.646,4.712,-0.247,-0.052,-3.912,-67,13.75,298,4
1784928394.077,1254,14109223,-0.976,-2.467,-9.283,6.809,-10.967,-11.663,-167.206,3.927,-0.252,-0.100,-11.663,-68,13.25,397,5
1784928395.056,1354,15109229,-1.224,-2.742,-9.485,-6.100,10.212,-0.616,-163.715,7.360,-0.280,-0.125,-0.616,-70,10.75,496,6
1784928396.086,1455,16119224,-1.424,-2.347,-9.021,-4.238,5.910,-23.687,-168.983,9.046,-0.239,-0.145,-23.687,-66,13.75,596,7
1784928397.066,1555,17119227,-1.202,-1.561,-7.086,2.567,12.745,-9.161,-168.413,9.139,-0.159,-0.123,-9.161,-66,13.75,695,8
1784928398.087,1655,18119214,-1.238,-1.286,-8.733,38.059,12.288,-16.393,-172.776,11.570,-0.131,-0.126,-16.393,-69,11.00,794,9
1784928399.087,1755,19119229,-2.623,-2.759,-9.353,-10.799,20.497,-26.769,-164.367,17.856,-0.281,-0.268,-26.769,-77,12.75,893,10
1784928400.588,1903,20621023,-1.171,-4.220,-7.030,-3.506,16.530,26.331,-167.054,11.389,-0.430,-0.119,26.331,-73,13.50,1040,11
1784928401.592,2004,21624289,-1.665,-2.173,-11.637,-41.836,13.020,-3.637,-167.924,6.225,-0.222,-0.170,-3.637,-74,11.00,1140,12
1784928402.559,2105,22632822,-0.494,0.594,-8.613,2.781,1.515,33.320,-180.990,1.924,0.061,-0.050,33.320,-75,10.50,1240,13
1784928403.079,2156,23132229,-1.176,0.983,-9.595,15.263,2.095,-6.750,-180.737,7.862,0.100,-0.120,-6.750,-77,13.50,1290,14
1784928403.617,2205,23649178,-1.794,-3.068,-10.959,12.760,21.535,18.854,-175.591,8.502,-0.313,-0.183,18.854,-71,11.25,1338,15
1784928404.598,2305,24650658,-1.395,-0.867,-8.877,-8.846,-4.131,6.434,-175.070,6.439,-0.088,-0.142,6.434,-70,12.75,1437,16
1784928405.618,2408,25650222,-1.457,-0.633,-9.125,-15.926,-9.777,-17.034,-176.073,3.206,-0.065,-0.149,-17.034,-64,10.50,1539,17
1784928406.618,2508,26650218,-1.093,-0.167,-12.768,-12.997,14.515,-18.255,-174.257,6.384,-0.017,-0.111,-18.255,-60,13.75,1638,18
1784928407.597,2608,27650217,-0.852,-1.233,-6.893,-8.602,-7.335,8.936,-176.823,2.038,-0.126,-0.087,8.936,-59,11.50,1737,19
1784928408.576,2708,28650213,0.429,0.242,-10.650,17.155,13.905,3.504,-175.044,5.761,0.025,0.044,3.504,-57,13.50,1836,20
1784928409.097,2758,29150233,-2.070,-0.606,-11.144,4.246,-2.208,3.046,-174.458,6.734,-0.062,-0.211,3.046,-58,13.75,1885,21
1784928410.118,2858,30150234,-2.521,-0.355,-9.117,-10.860,-64.739,20.136,-176.137,3.684,-0.036,-0.257,20.136,-55,13.50,1984,22
1784928411.119,2958,31150220,-1.381,-2.520,-11.346,10.197,23.518,-19.445,-169.739,11.857,-0.257,-0.141,-19.445,-54,10.25,2083,23
1784928412.098,3058,32150211,-1.479,-0.324,-8.426,-4.268,6.947,6.769,-177.722,11.127,-0.033,-0.151,6.769,-55,14.00,2182,24
1784928413.098,3158,33150220,0.181,-0.941,-7.734,15.202,25.075,-22.985,-180.753,5.060,-0.096,0.018,-22.985,-58,13.50,2281,25
1784928414.118,3258,34150236,0.052,-0.801,-9.151,5.436,-11.791,-10.748,-175.980,-0.477,-0.082,0.005,-10.748,-73,12.75,2380,26
1784928415.097,3358,35150228,0.691,-1.057,-9.720,-12.356,-0.743,4.938,-175.083,-1.059,-0.108,0.070,4.938,-71,11.50,2479,27
1784928416.098,3458,36150216,0.202,-0.864,-10.340,24.723,13.783,-0.860,-174.378,6.521,-0.088,0.021,-0.860,-65,10.00,2578,28
1784928417.098,3558,37150218,-2.037,0.402,-9.132,-8.236,-8.068,-0.372,-182.734,13.283,0.041,-0.208,-0.372,-65,10.00,2677,29
1784928418.119,3658,38150221,-1.176,-0.900,-10.359,-21.755,1.668,-32.080,-180.311,5.302,-0.092,-0.120,-32.080,-66,14.00,2776,30
1784928419.119,3758,39150229,-1.908,1.224,-10.044,-24.654,-21.495,-24.267,-184.562,7.419,0.125,-0.195,-24.267,-66,12.75,2875,31
1784928420.119,3858,40150212,-2.104,2.687,-12.732,27.989,-3.551,-10.992,-177.955,9.864,0.274,-0.215,-10.992,-64,12.25,2974,32
1784928421.119,3958,41150228,-1.393,-0.857,-7.559,-2.651,-10.875,12.964,-177.079,6.286,-0.087,-0.142,12.964,-65,12.00,3073,33
1784928422.100,4058,42152210,-1.834,0.339,-8.529,-9.456,-24.394,-6.567,-183.879,9.058,0.035,-0.187,-6.567,-69,12.25,3172,34
1784928423.128,4159,43159227,-1.498,-0.551,-10.887,-18.337,-2.941,-32.446,-176.956,4.931,-0.056,-0.153,-32.446,-62,13.50,3272,35
1784928424.111,4259,44163228,-1.300,-1.259,-6.576,17.735,-19.786,1.490,-179.070,8.551,-0.128,-0.133,1.490,-65,10.25,3371,36
1784928426.666,4510,46696841,-2.189,-0.471,-8.647,-15.499,-33.855,-5.499,-177.445,8.980,-0.048,-0.223,-5.499,-65,10.50,3621,37
1784928427.680,4611,47711501,-0.232,0.146,-10.407,-19.375,-18.260,21.113,-175.918,6.681,0.015,-0.024,21.113,-67,13.75,3721,38
1784928428.659,4714,48711227,-2.251,0.920,-10.971,33.451,19.032,9.852,-173.595,12.249,0.094,-0.230,9.852,-68,13.25,3823,39
1784928429.660,4813,49712602,-1.665,-1.472,-8.025,1.286,4.902,8.600,-173.009,12.822,-0.150,-0.170,8.600,-70,9.75,3921,40
1784928430.689,4913,50719516,-2.676,-0.230,-10.505,-18.093,-9.044,-25.854,-178.416,11.810,-0.023,-0.273,-25.854,-76,13.75,4020,41
1784928431.724,5014,51733932,-3.286,-0.401,-13.858,-42.843,-14.873,-45.355,-178.459,10.276,-0.041,-0.335,-45.355,-73,13.75,4120,42
1784928432.703,5116,52734138,-1.717,-2.026,-9.840,5.985,-17.681,-10.992,-174.441,5.839,-0.207,-0.175,-10.992,-78,13.50,4221,43
1784928433.688,5215,53739706,-1.066,-0.341,-9.149,4.795,-7.549,23.096,-178.237,4.355,-0.035,-0.109,23.096,-75,12.00,4319,44
1784928434.688,5317,54739429,0.388,3.186,-14.956,-32.406,19.551,-37.634,-171.966,8.543,0.325,0.040,-37.634,-76,13.00,4420,45
1784928435.719,5415,55749724,-2.199,-1.404,-10.484,24.815,-1.903,-4.827,-169.382,10.934,-0.143,-0.224,-4.827,-80,9.50,4517,46
1784928436.697,5518,56749236,-0.585,-2.641,-5.301,13.645,0.020,6.495,-171.666,9.104,-0.269,-0.060,6.495,-76,14.00,4619,47
1784928437.719,5618,57749215,-3.465,-1.380,-9.048,-13.302,-22.167,-27.746,-181.276,14.072,-0.141,-0.353,-27.746,-76,13.25,4718,48
1784928438.719,5718,58749209,-2.485,-0.686,-10.707,-29.476,1.088,-51.519,-172.413,11.468,-0.070,-0.253,-51.519,-81,11.75,4817,49
1784928439.702,5816,59753911,-1.434,-1.624,-6.766,8.274,-19.145,4.816,-173.101,5.290,-0.166,-0.146,4.816,-75,11.25,4914,50
1784928440.702,5918,60754047,0.576,-0.867,-10.998,-8.297,3.102,37.653,-172.961,6.850,-0.088,0.059,37.653,-79,13.00,5015,51
1784928441.729,6017,61759642,-1.419,-0.927,-13.046,-3.597,9.236,-10.656,-166.006,9.879,-0.095,-0.145,-10.656,-80,10.00,5113,52
1784928442.713,6118,62764415,-1.431,-1.132,-8.207,-8.388,-34.679,8.082,-168.820,4.613,-0.115,-0.146,8.082,-78,13.25,5213,53
1784928443.745,6219,63795843,-1.455,-0.182,-9.278,-2.956,-1.567,-8.184,-174.599,6.912,-0.019,-0.148,-8.184,-74,13.00,5313,54
1784928444.765,6322,64795216,-2.385,0.944,-14.118,-10.738,-33.977,-48.773,-176.015,5.802,0.096,-0.243,-48.773,-70,13.25,5415,55
1784928447.767,6620,67796042,-1.338,-3.764,-12.230,-26.058,14.943,-18.835,-169.474,10.881,-0.384,-0.136,-18.835,-85,10.75,5712,56
1784928448.744,6722,68795246,-2.626,-2.077,-11.512,6.931,-7.335,21.204,-169.137,6.043,-0.212,-0.268,21.204,-82,13.25,5813,57
1784928449.744,6822,69795212,-0.184,-0.507,-6.449,19.383,32.857,-3.485,-176.425,8.192,-0.052,-0.019,-3.485,-78,13.00,5912,58
1784928450.744,6922,70795214,-1.262,1.617,-12.350,20.451,9.083,-21.124,-175.777,7.247,0.165,-0.129,-21.124,-74,10.75,6011,59
1784928451.779,7020,71809132,-1.665,-2.296,-9.458,2.781,-1.384,-12.304,-171.412,9.340,-0.234,-0.170,-12.304,-73,12.00,6108,60
1784928452.778,7124,72808220,-1.264,-0.042,-6.139,9.800,-31.352,46.229,-178.700,-2.036,-0.004,-0.129,46.229,-81,12.00,6211,61
1784928453.757,7224,73808222,1.485,-0.830,-9.161,46.391,15.736,29.810,-175.579,4.259,-0.085,0.151,29.810,-74,10.00,6310,62
1784928454.778,7324,74808212,-2.006,-3.031,-8.205,-18.154,-16.979,7.654,-167.025,10.020,-0.309,-0.205,7.654,-73,13.50,6409,63
1784928455.778,7424,75808244,-0.818,-2.248,-5.080,6.016,16.408,-26.892,-169.218,11.316,-0.229,-0.083,-26.892,-77,13.50,6508,64
1784928456.757,7524,76808228,-0.973,2.190,-13.054,6.901,14.607,-68.945,-178.770,5.635,0.223,-0.099,-68.945,-80,11.25,6607,65
1784928457.782,7622,77811572,-1.415,-4.239,-7.184,6.382,-13.072,-37.695,-165.409,5.825,-0.432,-0.144,-37.695,-84,10.50,6704,66
1784928458.761,7724,78811235,-0.854,-0.835,-7.126,14.012,-6.206,-7.299,-177.595,4.645,-0.085,-0.087,-7.299,-78,13.00,6805,67
1784928459.796,7822,79825273,-0.663,-0.339,-12.393,-28.347,13.417,-31.317,-166.941,8.653,-0.035,-0.068,-31.317,-85,11.25,6902,68
1784928460.795,7925,80825229,-2.683,-1.310,-11.637,20.481,-9.349,-6.872,-171.635,9.965,-0.134,-0.274,-6.872,-78,13.00,7004,69
1784928464.811,8326,84860943,-0.027,0.508,-9.379,-13.515,-11.119,30.665,-174.256,1.511,0.052,-0.003,30.665,-72,14.25,7404,70
1784928465.831,8429,85860239,-1.710,-6.597,-12.429,-23.434,19.490,-20.178,-165.640,10.751,-0.673,-0.174,-20.178,-74,11.50,7506,71
1784928466.814,8528,86864976,-1.205,-1.448,-10.880,-0.271,-7.610,2.863,-168.621,5.943,-0.148,-0.123,2.863,-75,12.75,7604,72
1784928467.844,8628,87874121,-1.739,-0.249,-7.688,-4.421,21.321,-7.726,-178.734,12.748,-0.025,-0.177,-7.726,-73,12.50,7703,73
1784928468.823,8730,88873230,-0.709,1.057,-12.071,16.819,13.478,-4.736,-179.718,6.457,0.108,-0.072,-4.736,-74,11.00,7804,74
1784928470.823,8928,90873844,-0.196,-1.313,-6.264,16.728,0.599,29.688,-172.125,2.126,-0.134,-0.020,29.688,-70,11.75,8001,75
1784928471.825,9028,91875959,0.297,4.283,-14.557,-7.595,14.760,-8.642,-172.745,7.764,0.437,0.030,-8.642,-70,10.50,8100,76
1784928472.852,9128,92882059,-1.698,-2.942,-10.726,19.077,-7.915,19.526,-164.460,9.717,-0.300,-0.173,19.526,-69,10.50,8199,77
1784928473.831,9231,93881233,-1.410,-3.046,-6.235,3.178,14.882,3.870,-164.787,11.516,-0.311,-0.144,3.870,-74,11.50,8301,78
1784928474.810,9331,94881220,-0.714,-0.035,-9.869,2.934,3.560,4.786,-178.285,6.022,-0.004,-0.073,4.786,-73,12.50,8400,79
1784928476.852,9531,96881256,-1.741,-1.366,-6.120,16.453,-36.540,48.517,-174.346,3.737,-0.139,-0.178,48.517,-77,13.00,8599,80
1784928477.831,9631,97881212,0.543,-3.056,-8.502,23.411,4.170,34.754,-170.732,5.470,-0.312,0.055,34.754,-80,11.75,8698,81
1784928478.831,9731,98881220,-1.822,-4.037,-12.280,29.850,8.656,15.131,-165.963,8.340,-0.412,-0.186,15.131,-74,12.50,8797,82
1784928479.831,9831,99881216,-0.592,-2.537,-5.287,1.042,7.618,11.530,-167.260,7.746,-0.259,-0.060,11.530,-75,13.00,8896,83
1784928480.831,9931,100881226,-0.649,-0.223,-9.542,25.211,9.907,-4.339,-174.479,5.948,-0.023,-0.066,-4.339,-74,11.75,8995,84
1784928481.873,10031,101881215,-1.553,-0.507,-14.031,-27.767,-10.417,-21.307,-172.878,2.470,-0.052,-0.158,-21.307,-70,11.00,9094,85
1784928482.852,10131,102881216,-2.087,-0.531,-9.144,8.976,-18.535,20.807,-174.605,1.581,-0.054,-0.213,20.807,-66,13.50,9193,86
1784928483.852,10229,103881290,-0.432,-3.227,-9.987,-6.832,-6.175,27.033,-171.298,2.199,-0.329,-0.044,27.033,-70,11.75,9290,87
1784928484.852,10331,104881226,-1.415,1.101,-11.560,39.341,-2.147,29.658,-171.452,6.763,0.112,-0.144,29.658,-66,13.25,9391,88
1784928485.856,10430,105884680,-1.291,-1.732,-7.186,0.736,-2.269,14.582,-169.263,7.998,-0.177,-0.132,14.582,-64,11.75,9489,89
1784928486.861,10530,106889714,-1.641,-0.681,-8.522,13.767,-25.249,19.343,-176.560,4.733,-0.069,-0.167,19.343,-65,10.25,9588,90
1784928487.868,10630,107896107,-0.694,0.459,-12.508,-21.084,13.997,-10.443,-174.535,5.939,0.047,-0.071,-10.443,-65,10.00,9687,91
1784928488.883,10732,108911955,-0.811,-3.415,-7.393,-4.604,4.506,-10.168,-164.136,5.447,-0.348,-0.083,-10.168,-69,10.50,9788,92
1784928489.861,10834,109911218,0.398,0.655,-9.612,3.269,0.050,23.371,-174.033,-2.467,0.067,0.041,23.371,-67,13.75,9889,93
1784928490.883,10934,110911227,-2.178,-5.835,-10.919,19.627,23.823,12.079,-169.089,8.633,-0.595,-0.222,12.079,-67,13.50,9988,94
1784928492.883,11134,112911211,-0.530,-0.093,-7.496,15.659,35.359,-14.349,-174.852,9.137,-0.009,-0.054,-14.349,-64,10.50,10187,95
1784928493.884,11234,113911229,-0.382,-0.712,-12.122,-38.814,4.201,-38.641,-169.325,4.408,-0.073,-0.039,-38.641,-69,10.25,10286,96
1784928494.904,11333,114911660,-0.270,-0.194,-10.114,-2.987,-15.453,-20.880,-165.039,3.662,-0.020,-0.028,-20.880,-73,13.50,10384,97
1784928495.883,11434,115911218,-0.384,-1.833,-7.751,29.514,-26.988,42.902,-172.146,-4.749,-0.187,-0.039,42.902,-69,10.50,10484,98
1784928496.885,11533,116912711,0.369,-5.100,-14.199,-19.192,30.537,-29.913,-166.125,5.140,-0.520,0.038,-29.913,-72,13.50,10582,99
1784928497.884,11634,117912226,-1.953,-2.882,-10.859,14.378,-13.500,-2.233,-163.767,7.695,-0.294,-0.199,-2.233,-70,12.50,10682,100
1784928498.863,11734,118912210,-0.220,-2.113,-5.534,9.373,29.103,6.739,-166.106,6.256,-0.215,-0.022,6.739,-75,11.00,10781,101
1784928499.906,11834,119913145,-2.969,-2.171,-14.096,-54.409,-22.777,-38.000,-167.307,5.529,-0.221,-0.303,-38.000,-74,11.25,10880,102
1784928500.905,11934,120912231,-0.697,-2.884,-7.638,19.749,-22.136,-34.948,-166.469,-0.123,-0.294,-0.071,-34.948,-85,10.00,10979,103
1784928501.906,12034,121912222,-0.754,-1.088,-11.279,2.690,-27.934,-46.484,-171.572,-0.427,-0.111,-0.077,-46.484,-84,11.00,11078,104
1784928502.906,12134,122912813,-2.631,-2.106,-12.989,-2.346,-26.042,-47.949,-169.167,8.916,-0.215,-0.268,-47.949,-79,11.25,11177,105
1784928503.885,12234,123912229,-0.225,-2.340,-5.075,6.565,-3.337,-11.419,-166.781,4.021,-0.239,-0.023,-11.419,-76,12.50,11276,106
1784928504.901,12332,124928312,-1.043,0.823,-14.538,-38.814,2.644,-36.077,-176.877,6.810,0.084,-0.106,-36.077,-71,13.50,11373,107
1784928505.922,12436,125928226,-2.643,-2.294,-8.567,-12.813,-22.472,-13.067,-168.881,9.137,-0.234,-0.269,-13.067,-74,12.00,11476,108
1784928506.900,12536,126928225,1.590,-1.578,-9.617,-22.396,1.027,45.801,-170.474,-1.672,-0.161,0.162,45.801,-71,13.75,11575,109
1784928507.900,12636,127928211,-1.925,-1.763,-10.700,6.260,-8.586,13.148,-170.864,8.304,-0.180,-0.196,13.148,-79,13.00,11674,110
1784928508.880,12736,128928220,-0.399,-1.744,-8.635,6.504,-11.211,9.730,-172.645,1.926,-0.178,-0.041,9.730,-77,13.00,11773,111
1784928509.914,12835,129941262,-2.144,-0.408,-10.095,-14.736,-16.429,-5.316,-174.697,7.596,-0.042,-0.219,-5.316,-75,10.25,11871,112
1784928510.913,12937,130941239,-0.897,-1.708,-10.371,2.201,7.741,11.591,-174.605,5.926,-0.174,-0.091,11.591,-72,13.50,11972,113
